metacell	num_cells	tot_umis	cell_size_mean	cell_size_Q1	cell_size_Q2	cell_size_Q3	log2_fc_mean	log2_fc_Q1	log2_fc_Q2	log2_fc_Q3	log2_fc_Qp95
1	137	189010	1379.63503649635	729	1051	1659	0.43610401187936	0.0575278753114384	0.151672756592655	0.349732933566435	1.11324117015559
2	34	20012	588.588235294118	445.5	548	733.5	0.802231138280112	0.278416507181053	0.432874457337956	0.758379356491348	1.59414608403246
3	66	104344	1580.9696969697	935	1345.5	1820.25	0.493042505773369	0.0932614538640865	0.172674123551307	0.351090458902582	1.17253263002934
4	43	24445	568.488372093023	368.5	499	739	0.642917898148281	0.216250749008064	0.362724034922216	0.599728488347049	1.38657614620128
5	50	21002	420.04	300.5	360.5	453.5	0.746644174131118	0.26430810393614	0.413958950699171	0.727680313653485	1.5346040411767
6	84	32632	388.47619047619	276.75	389	444.25	0.655049980813028	0.189738321670528	0.287151509541438	0.578807992578524	1.39884399114078
7	78	17548	224.974358974359	146.25	199	277.25	0.743405220998035	0.318547229819816	0.482085151499607	0.753971631918484	1.50505082265566
8	45	9009	200.2	133	179	225	1.0277232181084	0.527197757291303	0.739025792036425	1.00357653179856	1.87420948340248
9	49	18393	375.367346938775	222	301	419	0.685458702342353	0.269418482975162	0.464178782241922	0.681714951754692	1.41342087445642
10	47	16988	361.446808510638	178	312	457	0.699293346162776	0.282387204004755	0.460464964908645	0.700521267971743	1.3410578772557
11	52	27774	534.115384615385	390.5	463	607.75	0.66929861861401	0.187065998156321	0.323355857310403	0.562875023417532	1.35552960112891
12	75	81757	1090.09333333333	849.5	1019	1271	0.521346239933075	0.114260452324726	0.184434488114938	0.368432658305398	1.09468427049129
13	131	142137	1085.01526717557	830.5	1020	1287.5	0.511248892310085	0.0688707811519239	0.134943950833947	0.293618436928082	1.13796550202301
14	34	38224	1124.23529411765	810	1102	1357	0.592692166914842	0.146084086078601	0.242693078950664	0.485469155329702	1.24147891482649
15	67	56717	846.522388059701	675.5	811	993.5	0.569069945497537	0.108636945800071	0.184559207684732	0.421807887253079	1.20828025076639
16	29	20142	694.551724137931	553	703	794	0.742435734333291	0.251528581136491	0.431115710395731	0.663791653587372	1.46694320573145
17	73	45688	625.86301369863	498	612	738	0.585614375481929	0.137036441230768	0.229472642549313	0.468243483835517	1.20601060791639
18	39	25256	647.589743589744	549	638	760.5	0.710249389228231	0.207532885317118	0.352647714578409	0.625657323690195	1.38484487543075
19	53	78160	1474.71698113208	949	1233	1698	0.506102825187368	0.117869807152465	0.191861262821736	0.406532809202598	1.18559116115978
20	65	48214	741.753846153846	520	670	890	0.537434856737545	0.133641002032897	0.222252592446556	0.471159963169284	1.19616867714216
21	55	57101	1038.2	805.5	1013	1211.5	0.563241291530614	0.120124179567542	0.204928986851934	0.436260444066266	1.21900421955387
22	77	91989	1194.66233766234	940	1141	1408	0.501134118952966	0.10104109178743	0.164832064217311	0.373238741513058	1.18179909349091
23	44	49201	1118.20454545455	920	1078	1302.25	0.581166064895067	0.124218221002362	0.215203429594413	0.468221402119155	1.29360541391527
24	39	50466	1294	1018	1230	1489.5	0.599740357262524	0.124272781817253	0.213797094420504	0.472946849547307	1.30684291371482
25	80	116328	1454.1	1135.75	1400	1688	0.489827793213478	0.0838525622411669	0.163768822567309	0.348890346119014	1.19114304215378
26	94	153589	1633.92553191489	1380.25	1614.5	1889.5	0.499062005532853	0.0639126419265771	0.135442719097587	0.330342038785914	1.26926245138274
27	35	58015	1657.57142857143	1096	1568	2054	0.560860490444727	0.127464320393548	0.192402821014525	0.449041561988308	1.34033081888611
28	98	172505	1760.25510204082	1336	1797.5	2157	0.50613641996632	0.0570325193657555	0.135807523193587	0.332559175001715	1.250597811722
29	133	318788	2396.9022556391	1863	2311	2793	0.459163764008863	0.0421402372436289	0.109257080089689	0.287763000193887	1.1595007841278
30	82	305520	3725.85365853659	2548.75	3649	4751	0.416481745061914	0.0392384827084732	0.105128129824975	0.284808457088726	1.11455634336078
31	140	447737	3198.12142857143	2290.75	3229.5	3923.75	0.458043109628116	0.0442067141745296	0.108854501978128	0.303510429574892	1.14509116671122
32	54	117096	2168.44444444444	1532.75	1903.5	2780	0.504038805430233	0.0834875115043614	0.163398642953633	0.385133309585066	1.21960885975726
33	87	204302	2348.29885057471	1851.5	2344	2747.5	0.449299454933359	0.0532979915571711	0.141444387858683	0.339449907597249	1.11811443997844
34	98	175626	1792.10204081633	1340.5	1820	2179.25	0.466606263718564	0.05603843976941	0.1413800284377	0.32587366954901	1.17001045744425
35	92	185132	2012.30434782609	1564.75	1919	2400	0.461355578148711	0.0532254941411097	0.147638141915528	0.331640672253045	1.17433889663547
36	59	124267	2106.22033898305	1581	1977	2521	0.502136771865353	0.0787571033787522	0.154296297567556	0.36638827544205	1.22406107636803
37	99	60653	612.656565656566	406.5	533	747.5	0.596236007499363	0.104734540003404	0.156631904036639	0.29885689536759	0.836371887620275
38	60	52934	882.233333333333	611.25	815.5	1055.5	0.646552050360698	0.104397173611034	0.178497742206908	0.339068981748994	0.794374130861236
39	18	19319	1073.27777777778	897.5	1022.5	1132.5	0.915506931816174	0.221921569204099	0.369090703517369	0.470558324765927	1.09829141224435
40	66	32502	492.454545454545	372.5	492	600	0.602459270852137	0.163422713487685	0.280227931806735	0.427282587377106	0.915829877695943
41	60	60715	1011.91666666667	470.5	865.5	1503.5	0.443426168372909	0.114606528900066	0.156818631059721	0.299814744226178	0.735082130203737
42	80	135030	1687.875	1168.75	1555.5	2076.25	0.677194795609793	0.0725254823676807	0.0766990295208164	0.181663052917375	0.597441892207943
43	90	234690	2607.66666666667	2077.5	2428.5	3003	0.560363017556919	0.0421520704038195	0.0834195960507084	0.163468962129444	0.586866136940866
44	24	39791	1657.95833333333	1174	1465.5	1955.25	0.623858234206532	0.128837411913481	0.234791755570743	0.428456312709597	1.08793188167054
45	67	102007	1522.49253731343	1170	1525	1886.5	0.674425234118672	0.0734828624767256	0.0954615110504076	0.228619227918034	0.667958091422019
46	40	121649	3041.225	2341.25	2724	3371	0.587721287815715	0.0806246845156077	0.0982802929753545	0.225970518411532	0.661892272318824
47	80	147759	1846.9875	1425.5	1889	2204	0.654608985013353	0.0664191661044032	0.0882729851680487	0.192291327053786	0.671512452242078
48	57	144326	2532.0350877193	1752	2624	3229	0.521448496936293	0.0680787461415393	0.103775995476742	0.197538135685674	0.597618677317565
49	72	186851	2595.15277777778	2158.5	2510.5	3032.5	0.562452338627851	0.0527989715428165	0.100380158933395	0.183086531526952	0.641706795190324
50	100	234261	2342.61	1960.25	2317	2587	0.611249142277094	0.0422121021596548	0.0835053591092304	0.151354029249911	0.540143880624698
51	51	136740	2681.17647058824	1846.5	2479	3487.5	0.551922053569342	0.0718133553146997	0.0975106506068565	0.203380699934862	0.547533216758624
52	51	114722	2249.45098039216	1097.5	1895	2914.5	0.296232705780981	0.0851964426678056	0.1435048247335	0.245826801281743	0.670411369212591
53	88	315091	3580.57954545455	1669.75	3226	4752.75	0.266484400429014	0.031515437522467	0.0751854273923155	0.153398369711062	0.516302702902299
54	55	52763	959.327272727273	557.5	924	1148	0.426475547219871	0.131393963590307	0.183139314518834	0.355410514698161	0.862975957145272
55	31	132997	4290.22580645161	2834	4367	5355	0.386233561843677	0.0741005685958745	0.112178201298226	0.219283334797922	0.788985805588502
56	50	114061	2281.22	1690.25	2041	2588	0.648516955246988	0.0856871252395415	0.11275418079414	0.246290998836529	0.776624920583215
57	119	251136	2110.38655462185	1378.5	2025	2543.5	0.542079219723295	0.0393925247224332	0.0779590080806225	0.22823791494546	0.979108263253029
58	102	154254	1512.29411764706	1134.75	1448.5	1867	0.431118058060176	0.0636250762211069	0.114854697457758	0.214719945679972	0.64322944760685
59	89	199619	2242.91011235955	1700	2228	2686	0.442944897924361	0.0494343182784943	0.0975982559350177	0.190400107936628	0.602174572341995
60	63	109292	1734.79365079365	1239	1674	2235.5	0.489985451360426	0.0891886436915337	0.130425371911045	0.25512558144219	0.677620316841534
61	53	95530	1802.45283018868	1146	1759	2147	0.371231992072934	0.101696603092493	0.172358659699679	0.304924236758521	0.783303908144138
62	66	195190	2957.42424242424	1925.5	2978.5	3814.5	0.356892513192768	0.0506041363459512	0.100000675942006	0.237645213535668	0.691969966307777
63	75	311343	4151.24	2972.5	3749	5068	0.406729486647778	0.0319122321711124	0.0816700074781199	0.164513814977849	0.584902241124749
64	62	135597	2187.04838709677	1466	2073.5	2736	0.345002595982358	0.0806941477178321	0.181505193832209	0.324825676073186	0.732441776127346
65	81	313264	3867.45679012346	2510	3750	4568	0.335359563230014	0.0407134182920885	0.0938836144036528	0.184251087852037	0.596576956048
66	34	9549	280.852941176471	168.5	223	299.75	0.968366490955944	0.503972222779905	0.702068259173993	0.859750224768779	1.64077181219627
67	112	30915	276.026785714286	137	182.5	317.5	0.459338309554225	0.188472878300637	0.292670885042444	0.486254178461732	0.904615536322874
68	134	25687	191.694029850746	119.25	148.5	205.5	0.475935480611875	0.209662383736444	0.345444851820226	0.489450354378574	0.915477640200313
69	70	30421	434.585714285714	314.75	402.5	506	0.765200726021671	0.210574385198274	0.347718042303157	0.607868876656509	1.35071855812825
70	48	10452	217.75	144	190	270	1.0144722419339	0.463927510255542	0.658370728103121	0.94957829956334	1.78243405414251
71	42	20244	482	372.25	474	592.25	0.889833972506511	0.260700785723086	0.427860720871817	0.703468611790271	1.58648633140225
72	58	37216	641.655172413793	454.25	578	774	0.713751194809186	0.169807090292359	0.283017105559924	0.539468819807206	1.35814316347341
73	35	11879	339.4	196	305	424.5	0.992409791247008	0.428180453373262	0.61721538495566	0.923083234913547	1.77777218232768
74	143	40738	284.881118881119	173	254	361	0.646661035284745	0.164201944211153	0.259224300939425	0.49441699796935	1.2406964442701
75	59	53753	911.067796610169	702	849	1029	0.709891970189569	0.161552239946209	0.266796752966399	0.478971077104359	1.29338879543032
76	54	35778	662.555555555556	459	614.5	796.75	0.701588307782886	0.17357209701939	0.28209984682932	0.540876714077357	1.27422623305037
77	57	22771	399.491228070175	236	350	525	0.76274403547569	0.232784956044683	0.385439254107839	0.615174605826944	1.36132940460444
78	35	22018	629.085714285714	362	555	889.5	0.778109463568394	0.245416198913138	0.398292665684617	0.646554603439191	1.39944592971423
79	60	48420	807	602.5	731.5	884.25	0.717367979910495	0.151853701829259	0.24774716803803	0.477060380730505	1.24182754667302
80	82	100660	1227.56097560976	746.75	1144.5	1623.75	0.679897627945191	0.0964671094757053	0.187629959125515	0.40263443923366	1.33989535109803
81	81	194056	2395.75308641975	1349	2361	3268	0.515215982733299	0.0508460120028754	0.100375792327991	0.259152384940201	1.03730553086215
82	139	346539	2493.08633093525	1589	2296	3105	0.500020081870299	0.0340973609273034	0.0917753903790268	0.242129603768792	1.0033692279358
83	69	197350	2860.14492753623	1501	2582	3294	0.516848264034629	0.0500485203078812	0.126946475441434	0.255111072142788	0.920142221106219
84	79	266495	3373.35443037975	1842	3009	4307.5	0.342827451053371	0.0435761585605713	0.109782178568397	0.23404144411503	0.797508529424703
85	68	203310	2989.85294117647	1686	2387	3749	0.365619167101524	0.0486093283098823	0.120883918642552	0.232518782079795	0.745185046616542
86	46	70753	1538.10869565217	875.75	1229	1839.25	0.4714926171916	0.135809337065308	0.203371280551361	0.366824767918859	0.952446606584576
87	73	204373	2799.6301369863	1419	2339	3362	0.305349669065326	0.0483440616675982	0.095559564989884	0.207431054479399	0.671165664697862
88	112	312361	2788.9375	1635.75	2394	3692.5	0.440722701745962	0.0469526194078767	0.104614034915471	0.229375992402293	0.823556433428348
89	18	16605	922.5	747.5	915	1099	0.888032088364428	0.327286303298412	0.511543199075881	0.77566241037952	1.5794081899444
90	181	1178275	6509.80662983425	4017	6170	8254	0.377635872590642	0.0253831523808324	0.0764123862611725	0.173992288282369	0.766841603885724
91	63	72229	1146.49206349206	794	1070	1374.5	0.635849084640953	0.132899340320242	0.210413070144612	0.398107375496919	1.0729217143935
92	90	157098	1745.53333333333	1074.5	1474.5	2175	0.584104869630814	0.0636992209135763	0.159247985996951	0.323999436548533	0.985475682031019
93	76	103479	1361.56578947368	961.5	1278	1668	0.653043976346158	0.0939532122663404	0.195744992616532	0.393561682166811	1.12222125421108
94	103	224481	2179.42718446602	1283	2129	2951	0.515892747341901	0.0440190003692097	0.0870187514123694	0.224599797957475	1.04486307040468
95	49	180030	3674.08163265306	2567	3529	4197	0.522306560856776	0.0548837104454684	0.114885474941145	0.270390418347402	1.06681275059095
96	87	362798	4170.09195402299	2970	4008	5108.5	0.425808157788215	0.0352796059530487	0.083559258561313	0.2024739298586	0.866438734491212
97	91	313506	3445.12087912088	2535.5	3379	4225	0.527883414007341	0.0316689621277329	0.0866366221799809	0.211273281426434	0.961803530458029
98	48	53753	1119.85416666667	568.25	977	1550.25	0.628235099014274	0.10595882625022	0.176177186102577	0.338205497286503	1.14680083809572
99	56	82252	1468.78571428571	691.5	1212	2083.5	0.598006901535489	0.0905848030725417	0.147251848974617	0.304153735290742	1.14945552451141
100	112	594456	5307.64285714286	3798.25	4988	6361	0.432584988059798	0.0303910118240121	0.0665685070096164	0.177269730226299	0.796176516629306
101	141	486829	3452.68794326241	2406	3287	4471	0.496425043428261	0.0285890415661457	0.0724421654130758	0.201292378053268	0.927905839468267
102	80	45254	565.675	320.5	479	645.5	0.700262057641988	0.141882541395146	0.206435216720962	0.410168522115885	1.12430011632016
103	49	24592	501.877551020408	246	455	650	0.867316085467536	0.232709522652626	0.360489923811224	0.652387939709966	1.64489538465288
104	79	36186	458.050632911392	191	368	667	0.520925241271974	0.158626686061015	0.253861023321032	0.424375189670692	0.923080569605621
105	77	16500	214.285714285714	141	179	267	0.885341250890699	0.29013326173923	0.453268289366142	0.632753545706539	1.28986696520307
106	60	11880	198	142	189.5	232.25	0.925906065419864	0.378959441697867	0.564224792373311	0.686025639444922	1.47563318950745
107	56	24833	443.446428571429	290.5	447.5	577.5	0.814417214096661	0.200478648775848	0.357110552812487	0.519839414954779	1.15456280694018
108	68	102096	1501.41176470588	1021.5	1296	1928.25	0.536970518452561	0.0952343372600177	0.129140841821781	0.268018996181416	0.788694963371245
109	38	23180	610	318.5	467.5	721	0.809112791533744	0.209772928083484	0.380476811687366	0.549722707588478	1.164032741234
110	106	19586	184.77358490566	131.25	154.5	215	0.807754905179331	0.25905532845543	0.438355591963279	0.615062874582454	1.28349111164046
111	116	111990	965.431034482759	552	876.5	1173	0.477647954376737	0.0868910216879616	0.135620431087843	0.247751671019534	0.823749780086769
112	53	55546	1048.03773584906	514	778	1383	0.457485709041191	0.113655413017301	0.170703883603882	0.325235083075203	0.849910284010842
113	57	105134	1844.45614035088	908	1124	1769	0.435599148879498	0.0926571983549221	0.144711960387054	0.264766684988927	0.692053519033064
114	47	21339	454.021276595745	291.5	418	566.5	0.905236535236561	0.250141674323826	0.408422224737124	0.615173448178596	1.35675496031143
115	109	145894	1338.47706422018	866	1225	1547	0.494695165678222	0.0671729477485921	0.126181304132918	0.229316008991911	0.73018861637842
116	66	28824	436.727272727273	315.5	373.5	507.75	0.78948711506172	0.169555603511329	0.312366504522061	0.456131034331703	1.08443888951847
117	38	20293	534.026315789474	362.5	532.5	675	0.856941896784794	0.242187538099785	0.394153457325773	0.58279570386149	1.2741580539396
118	84	20995	249.940476190476	141.75	195.5	338.5	0.59438269966378	0.255020399605234	0.413068247575054	0.594334701174304	1.19365231188635
119	98	109217	1114.45918367347	591.75	937.5	1449.5	0.370907108424898	0.0890779030385565	0.132936957782083	0.253904278169699	0.763464604338455
120	86	48046	558.674418604651	379.25	543.5	696.25	0.486824330700309	0.129402195356457	0.195159038186645	0.376438276317523	0.996894158280844
121	76	91373	1202.27631578947	687.75	922	1454.25	0.414563026312896	0.105954343657262	0.164662438055318	0.299501649307938	0.84338896273301
122	113	499868	4423.61061946903	2430	3773	5708	0.313222122257095	0.0397055646587928	0.0821720627804194	0.167112510621893	0.546627894821758
123	45	122462	2721.37777777778	1305	1982	3291	0.333316347205865	0.0800288363689961	0.148809869442662	0.273360072234756	0.764963910106833
124	53	67147	1266.92452830189	601	1050	1506	0.486195322417917	0.142123484428034	0.193158552604544	0.346421526240076	0.872213090176079
125	43	50245	1168.48837209302	655	1083	1584	0.542869097762212	0.134645442055885	0.18785811476474	0.379629050256634	0.925147583520721
126	66	76022	1151.84848484848	644.5	998	1595.25	0.459117842285653	0.121495305678597	0.173700599594053	0.331679190096912	0.838761269763176
127	89	201733	2266.66292134831	1355	2005	2778	0.342561843266955	0.048924971120616	0.0966089928720628	0.188529711007431	0.649905797107456
128	27	23500	870.37037037037	615	772	1045.5	0.687022874277076	0.229974324590092	0.377151442695076	0.587617597711778	1.19803149734282
129	88	96104	1092.09090909091	697.25	949	1336.5	0.482039489460501	0.1008558976769	0.16820076782358	0.291801179672704	0.818798553389116
130	68	53774	790.794117647059	453.5	764.5	1015.25	0.601824071475615	0.127695809221949	0.188445889746886	0.354554054168652	0.909609233262334
131	60	154798	2579.96666666667	1545.75	2220.5	3303.5	0.47477758046273	0.0635542601864518	0.125118953361628	0.241973169460238	0.71098299229009
132	66	91642	1388.51515151515	921.5	1176.5	1701.5	0.348288151177305	0.105724976361512	0.175037157621595	0.312618751422652	0.77344758804646
133	58	93035	1604.05172413793	1172.75	1425.5	1929	0.345192555053535	0.10427074495117	0.196902469074545	0.343711895012057	0.827758045165052
134	113	208750	1847.34513274336	1114	1682	2117	0.288246271319871	0.069784594877576	0.139248315984252	0.270669937394466	0.65208349531194
135	67	63554	948.567164179104	620.5	799	1215	0.640555483491273	0.107878480950869	0.156107815931111	0.413944159914539	1.24990346267569
136	51	51298	1005.8431372549	586.5	807	1250.5	0.576127813413249	0.126986293753037	0.204091202888104	0.499519423691236	1.48056127378032
137	67	106432	1588.53731343284	1027.5	1319	1926	0.362572045163843	0.0914816702358648	0.169919296533305	0.307844916327005	0.768193081361011
138	81	121059	1494.55555555556	805	1268	2131	0.4781124809546	0.0806612884206197	0.109899019153756	0.224101068924709	0.594601201216512
139	72	70575	980.208333333333	711.75	995	1220.5	0.407265029921626	0.118409656694664	0.1763411345936	0.330466027482436	0.760688459883135
140	71	96804	1363.43661971831	806.5	1212	1720.5	0.424816663602738	0.100242745905482	0.137016091023718	0.2674684716597	0.667643108223379
141	55	48543	882.6	481.5	833	1105.5	0.447230581103446	0.131359885023221	0.19370098979566	0.366487513274503	0.859968223647827
142	108	67862	628.351851851852	360.25	552.5	782.5	0.664250961561689	0.114708453488898	0.176861614156485	0.374698630203835	1.11380579973678
143	87	33249	382.172413793103	237	341	477.5	0.766173570801023	0.168913208042247	0.274177277802353	0.512695968363743	1.3260393156494
144	140	84564	604.028571428571	258.75	464.5	886.75	0.43109665387345	0.105156283589521	0.124283971851194	0.265052154376989	0.73611688652341
145	108	83933	777.157407407407	459.75	730	973.5	0.508188179333697	0.0972409903045919	0.134243852764822	0.271633327411921	0.743811074180723
146	42	68955	1641.78571428571	916.75	1417.5	2289.75	0.486895411160432	0.123747695476551	0.172862238418374	0.339669915320786	0.920698576463745
147	91	53584	588.835164835165	262	513	766	0.582660057515593	0.114025704055292	0.17613256419405	0.334219181002273	0.853195028350326
148	68	42264	621.529411764706	354.75	518.5	812.5	0.59343797003626	0.134938929964219	0.220135372632025	0.412916611896478	0.95684697133059
149	68	47096	692.588235294118	484.75	606	778.5	0.644237795263534	0.11518232922178	0.199034891462947	0.375596618585904	0.983468776827378
150	59	23098	391.491525423729	290	389	472	0.805548054115271	0.214960239059348	0.380573630427562	0.543236452091652	1.15640313658657
151	91	69012	758.373626373626	599	711	917.5	0.603814922740491	0.105735148187828	0.159799887325664	0.335943964386738	0.837413832836595
152	68	35637	524.073529411765	357.25	454.5	618.5	0.741655039187883	0.145495656544316	0.257610272197581	0.476506535724841	1.11529663177625
153	61	14912	244.459016393443	165	237	290	0.889365534974332	0.36047591047188	0.553336953469598	0.783315892498117	1.5037098053527
154	39	13707	351.461538461538	222.5	329	431.5	0.993813967976058	0.361711605568112	0.539086835218314	0.732541948443558	1.42352447196999
155	116	75863	653.991379310345	419.75	596	753.75	0.732944765175327	0.126499550332408	0.195647998043746	0.45404512573157	1.45905775367258
156	61	15299	250.803278688525	160	232	315	0.836057521207082	0.324261872229099	0.54166438278481	0.772225386637697	1.5130282725369
157	94	39271	417.776595744681	202.25	264.5	409.5	0.504255552674127	0.180780263119086	0.265951757342766	0.511020786129717	1.0212568485419
158	66	65519	992.712121212121	578	873.5	1248	0.551559046210566	0.112811391830413	0.178186465538768	0.401659198396323	1.05590393634427
159	78	61241	785.141025641026	565.5	713.5	942.25	0.502126857995111	0.114006146172041	0.169958092685397	0.340663399386407	0.83838369998893
160	78	29558	378.948717948718	277	331.5	478.5	0.625766192981953	0.177950587872907	0.305152391487802	0.474012788431379	1.08877814712821
161	84	92033	1095.63095238095	780.25	1055	1350.25	0.380165349264657	0.105177427857689	0.159383761127383	0.297209140544348	0.74447916867957
162	89	70235	789.157303370787	498	688	960	0.499927231946769	0.117551885466596	0.176007588880658	0.34037119547044	0.832553350236771
163	85	102912	1210.72941176471	792	1117	1340	0.408110416645919	0.0944100718077757	0.150647125748153	0.268496726905897	0.736245425658498
164	66	114898	1740.87878787879	1204	1649.5	2113.25	0.419373006181206	0.0849419624658254	0.165983191751907	0.317823839807508	0.801723398929512
165	71	93622	1318.61971830986	799	1173	1670	0.364386913929788	0.103530350743381	0.175989698788073	0.298855108510262	0.733764934746442
166	60	29046	484.1	307.5	427	599.75	0.733721805382763	0.17524242161198	0.310365122534906	0.519843175392573	1.23622665672965
167	45	48742	1083.15555555556	651	938	1349	0.54664828571015	0.119460165547724	0.193214421918661	0.36729096723927	1.00185657987277
168	48	83732	1744.41666666667	1018	1595	2146.75	0.42147170279343	0.115542330759231	0.186905383686337	0.369073618520849	0.961399749493239
169	111	145191	1308.02702702703	799.5	1262	1774	0.377502497872638	0.0674869203212868	0.132352393161454	0.289304989920618	0.807945029330257
170	75	122047	1627.29333333333	872.5	1411	2203	0.387840518007624	0.0800527848675996	0.141145803585016	0.260040327729896	0.718410524082147
171	58	57324	988.344827586207	583	820.5	1214	0.569198606908945	0.126082074947556	0.174145959875205	0.362736631942108	0.920892326563081
172	85	91435	1075.70588235294	575	927	1366	0.415677699689536	0.105835716975833	0.158797865873695	0.298925238335651	0.812099608865725
173	40	55095	1377.375	825.75	1155	1812.75	0.527049431234164	0.172366964778319	0.256157835521625	0.472395328783727	1.06797541070913
174	70	66945	956.357142857143	439.75	762	1268	0.391727251750926	0.115718140241917	0.160388514132415	0.322682844675629	0.756997462565866
175	66	17789	269.530303030303	157.75	218.5	329.75	0.794795895519619	0.284500063984038	0.476850945246524	0.655935054977931	1.20649598307508
176	77	46764	607.324675324675	394	577	752	0.690564318480615	0.135319609577676	0.200242605554172	0.42019475430525	1.11763557582695
177	40	8371	209.275	144.5	197	250	1.13298580097443	0.570824125295403	0.770712447023099	0.875976516783205	1.78717647283452
178	44	29666	674.227272727273	303.25	566.5	818.5	0.650727838162583	0.162477834049225	0.305095544663551	0.459420118306007	1.06156792313451
179	105	56937	542.257142857143	425	529	628	1.01443845972797	0.138843722582894	0.229169872113936	0.53746519175237	1.85855771792194
180	53	31631	596.811320754717	401	622	702	0.953711618482356	0.192238725770215	0.287560497102892	0.628438952179903	1.64842560735349
181	79	55264	699.544303797468	559.5	649	778.5	0.784293902360752	0.138373441110743	0.216367790168386	0.46796960542011	1.49538090722612
182	64	77072	1204.25	630.75	937	1461.5	0.650018752750953	0.124888955708566	0.191433911596167	0.378405718730116	1.14739501801993
183	25	52484	2099.36	1352	1824	2891	1.15877900827728	0.097461433716375	0.181313995957542	0.321022556565194	0.803057618694379
184	86	103196	1199.95348837209	568	873.5	1310.25	0.472952895838563	0.0941542207218957	0.151562974793387	0.302578397875568	0.918130589524295
185	88	42904	487.545454545455	331.25	442.5	564	0.812806500250351	0.168246222878264	0.267445408725467	0.573615711302733	1.529247853084
186	79	62392	789.772151898734	542.5	680	868.5	0.868942524619419	0.140067634710546	0.19545096948932	0.419767222336988	1.39737530734397
187	81	65581	809.641975308642	466	633	949	0.576129964994256	0.136663189118382	0.195303222725844	0.401832480747208	1.11308616880847
188	37	22464	607.135135135135	337	426	710	0.87652261294568	0.249474070606069	0.391182022251681	0.694889386978086	1.58828866884577
189	74	33534	453.162162162162	326.75	424.5	559.5	0.890425156861163	0.184707856970644	0.279621220895854	0.561336664027957	1.41087873264596
190	55	37586	683.381818181818	441	574	798.5	0.662502713865249	0.178301581276199	0.256570538031876	0.524999643166622	1.41364860022169
191	74	61679	833.5	528.75	781.5	1054.25	0.790270147607731	0.135430481419407	0.181613149935542	0.417303494528569	1.20295506111532
192	78	64446	826.230769230769	445.75	691.5	1071.75	0.572520947386642	0.119008425078297	0.17819014341081	0.375916344844221	1.25237585657943
193	89	76423	858.685393258427	650	810	1019	0.737567601556445	0.12572101787253	0.181262767344857	0.364940125634554	1.15450537218952
194	62	46384	748.129032258065	555.5	663	880	0.628401704026185	0.1745674356002	0.276724372687435	0.541924024126126	1.51011685205959
195	72	48543	674.208333333333	526.5	672	853	0.590054422708105	0.161823021454163	0.260257956143419	0.503726278012671	1.27216107481772
196	91	70586	775.67032967033	567.5	751	932.5	0.506241615132619	0.135631924904507	0.232347560114388	0.433627780669048	1.16729922566169
197	124	381785	3078.91129032258	1817.25	2739	4177.75	0.933338953366419	0.0260298556884861	0.0517404345000674	0.12704902092406	0.666490664670038
198	39	79456	2037.33333333333	1181	1988	2627.5	1.16432094726962	0.0844837224935296	0.12170036656606	0.235863293741903	0.72438984220314
199	51	84813	1663	773	1213	1964	0.604717184146627	0.114079693688534	0.145435253665244	0.295682358990081	0.94586450932406
200	80	43001	537.5125	446.5	528.5	647	1.32165771108952	0.11757892490612	0.216477970278194	0.435920233795245	1.44027053081385
201	82	61792	753.560975609756	625.25	726	883.75	1.09276944747892	0.101909922913357	0.153999458427615	0.396322515972602	1.36480627566983
202	92	65057	707.141304347826	575.5	704	832.75	0.900793836540863	0.0920640966706009	0.146586110359068	0.327928856456679	1.12032517549121
203	77	84949	1103.23376623377	774	991	1153	0.707801642988994	0.0919472287589257	0.126658865116431	0.292041271348684	0.929637071028613
204	57	43531	763.701754385965	557	679	839	0.677972645356782	0.126862134222902	0.214377008343998	0.408584978224701	1.09553410109502
205	119	136315	1145.50420168067	907	1141	1358	0.50286985612897	0.0717589752196821	0.19290602732905	0.423677872131799	1.17939302888306
206	82	302272	3686.24390243902	3027.25	3711.5	4512.5	0.439641735695404	0.0726420365864009	0.207931929142442	0.450014287269126	1.18129132426113
207	103	370586	3597.92233009709	2447.5	3478	4563	0.370862409907466	0.0795419603620036	0.207459274943684	0.420720322600111	0.99850537653465
208	81	186797	2306.13580246914	2035	2339	2746	0.380388306003099	0.0959319706807896	0.20288462991273	0.41202860619631	1.01324715739004
209	67	207790	3101.34328358209	2511	3175	3799.5	0.40775470656053	0.0941159467223367	0.227962181700122	0.457936430287952	1.06761688332736
210	106	399679	3770.55660377358	2219.25	3968	5232.75	0.549399522443188	0.0637942073407691	0.180119388046886	0.461821696728106	1.36161973728819
211	15	24521	1634.73333333333	1285.5	1601	1693	0.870057725330227	0.314126905680085	0.512256184716914	0.860758904492662	1.59365290425387
212	51	58439	1145.86274509804	786.5	1125	1370	0.522063765284696	0.162751512299302	0.310891801509511	0.59615607554738	1.21860129528974
213	93	136372	1466.36559139785	1203	1435	1776	0.483938435879116	0.0890857050135132	0.207921175519031	0.457468565263063	1.10882293630801
214	109	150797	1383.45871559633	1167	1379	1544	0.498416979960157	0.113288052612987	0.249486749363743	0.539624916394226	1.20665274897518
215	39	43125	1105.76923076923	996	1171	1260.5	0.6487898316989	0.216816905818386	0.39328309519575	0.692444072317862	1.3774705753729
216	105	139435	1327.95238095238	1132	1314	1524	0.58302281873777	0.113099345874201	0.26482836031466	0.552285631768383	1.24118158018659
217	35	42629	1217.97142857143	944	1241	1343.5	0.636840048389635	0.21936454741014	0.394012517645192	0.711785087603469	1.42850445397374
