	Tadh	TrH2	Hhon	HoiH23	Nvec	Spis	Hvul	Mmus	Dmel	Mlei	Spolac	Anthozoa	Hoilungia	Trichoplax	Bilateria	Cnidaria	Placozoa	CniBilPla	Metazoa
OG_1001	0	0	0	0	0	0	0	0	0	0	0	0	0	0	0	0	0	0	0
OG_10030	0	0	0	0	0	0	0	0	0	0	0	0	0	0	0	0	0	0	0
OG_10032	0	0	0	0	0	0	0	0	0	0	0	0	0	0	0	0	0	0	0
OG_10035	0	0	0	0	0	0	0	0	0	0	0	0	0	0	0	0	0	0	0
OG_10039	1	0	0	0	0	0	0	0	0	0	0	0	0	0	0	0	0	0	0
OG_10057	0	0	0	0	0	0	0	0	0	0	0	0	0	0	0	0	0	0	0
OG_10058	0	0	0	0	0	0	0	0	0	0	0	0	0	0	0	0	0	0	0
OG_10076	0	0	0	0	0	0	0	0	1	0	1	0	0	0	0	0	0	0	0
OG_10092	0	0	0	0	0	0	0	0	0	0	1	0	0	0	0	0	0	0	0
OG_10107	0	0	0	0	0	0	0	0	0	0	0	0	0	0	0	0	0	0	0
OG_10111	0	0	0	0	0	0	0	0	0	1	0	0	0	0	0	0	0	0	0
OG_10118	0	0	0	0	0	0	0	0	0	0	0	0	0	0	0	0	0	0	0
OG_10120	0	0	0	0	0	0	0	0	0	0	0	0	0	0	0	0	0	0	0
OG_10127	1	0	0	0	0	0	0	0	0	0	0	0	0	0	0	0	0	0	0
OG_10132	0	0	0	1	0	1	1	0	0	0	1	0	0	0	0	0	0	0	0
OG_10138	0	0	0	0	0	0	0	0	0	0	0	0	0	0	0	0	0	0	0
OG_10150	0	0	0	0	0	0	0	0	0	0	1	0	0	0	0	0	0	0	0
OG_10151	0	0	0	0	0	0	0	0	0	1	0	0	0	0	0	0	0	0	0
OG_10152	0	0	0	0	0	0	0	0	0	0	0	0	0	0	0	0	0	0	0
OG_10167	0	0	0	1	0	0	0	0	0	0	0	0	0	0	0	0	0	0	0
OG_10175	0	0	0	0	0	0	0	0	0	0	0	0	0	0	0	0	0	0	0
OG_1018	0	0	0	0	0	0	0	0	0	0	0	0	0	0	0	0	0	0	0
OG_10180	0	0	0	0	0	0	0	0	0	0	0	0	0	0	0	0	0	0	0
OG_10185	0	0	0	0	0	0	0	0	0	0	1	0	0	0	0	0	0	0	0
OG_10198	0	0	0	0	0	0	0	0	0	0	0	0	0	0	0	0	0	0	0
OG_10206	0	0	0	0	0	0	0	0	0	0	0	0	0	0	0	0	0	0	0
OG_10207	0	0	0	0	0	0	0	0	0	0	0	0	0	0	0	0	1	0	0
OG_10210	0	0	0	0	0	0	0	0	1	0	0	0	0	0	0	0	0	0	0
OG_10213	0	0	0	0	0	0	0	0	0	0	0	0	0	0	0	0	0	0	0
OG_1022	0	0	0	0	0	0	0	0	0	0	0	0	0	0	0	0	0	0	0
OG_10224	0	0	0	0	0	0	0	0	0	0	0	0	0	0	0	0	0	0	0
OG_10229	0	0	0	0	0	0	1	0	0	0	0	0	0	0	0	0	0	0	0
OG_10233	0	0	0	0	0	0	0	0	0	0	0	0	0	0	0	0	0	0	0
OG_10239	0	0	1	0	0	0	0	0	0	0	0	0	0	0	0	0	0	0	0
OG_10240	0	0	0	0	0	0	0	0	0	0	0	0	0	0	0	0	0	0	0
OG_10249	0	0	0	0	0	0	0	0	0	0	0	0	0	0	0	0	0	0	0
OG_10278	0	0	0	0	0	0	0	0	0	0	0	0	0	0	0	0	0	0	0
OG_10279	0	0	0	0	0	0	0	0	0	0	0	0	0	0	0	0	0	0	0
OG_10286	0	0	0	0	0	0	1	0	0	0	0	0	0	0	0	0	0	0	0
OG_10290	0	0	0	0	0	0	0	0	0	0	0	0	0	0	0	0	0	0	0
OG_10294	0	0	0	0	0	0	0	0	0	0	0	0	0	0	0	0	0	0	0
OG_10295	0	0	0	0	0	0	0	0	0	1	0	0	0	0	0	0	0	0	0
OG_10298	0	0	0	0	0	0	0	0	0	1	0	0	0	0	0	0	0	0	0
OG_1031	0	0	0	0	0	0	0	0	0	1	0	0	0	0	0	0	0	0	0
OG_10317	0	0	0	0	0	0	0	0	0	1	0	0	0	0	0	0	0	0	0
OG_10320	0	0	0	0	0	0	0	0	0	0	0	0	0	0	0	0	0	0	0
OG_10325	0	0	0	0	0	0	0	0	0	1	0	0	0	0	0	0	0	0	0
OG_10330	0	0	1	0	0	0	0	0	1	0	0	0	0	0	0	0	0	0	0
OG_10337	0	0	0	0	0	0	0	0	0	0	0	0	0	0	0	0	0	0	0
OG_10356	0	0	0	0	0	0	0	0	0	1	0	0	0	0	0	0	0	0	0
OG_10367	0	0	0	0	0	0	0	0	0	0	1	0	0	0	0	0	0	0	0
OG_10386	0	0	0	0	0	0	0	0	0	0	1	0	0	0	0	0	0	0	0
OG_10409	0	0	0	0	0	0	0	0	0	0	0	0	0	0	0	0	0	0	0
OG_10425	0	0	0	0	0	0	0	0	0	0	0	0	0	0	0	0	0	0	0
OG_10427	0	0	0	0	0	0	0	0	1	0	1	0	0	0	0	0	0	0	0
OG_10429	0	0	0	0	0	0	0	0	0	0	0	0	0	0	0	0	0	0	0
OG_10431	0	0	0	0	0	0	0	0	0	0	0	0	0	0	0	0	0	0	0
OG_10434	1	0	0	0	0	0	0	0	0	0	0	0	0	0	0	0	0	0	0
OG_10435	0	0	0	0	0	0	0	0	0	1	0	0	0	0	0	0	0	0	0
OG_1044	0	0	0	0	0	0	0	0	0	0	0	0	0	0	0	0	0	0	0
OG_10440	0	0	0	0	0	0	1	0	0	1	0	0	0	0	0	0	0	0	0
OG_10452	0	0	0	0	0	0	0	1	0	0	0	0	0	0	0	0	1	0	0
OG_10454	0	0	0	0	0	0	0	0	0	0	0	0	0	0	0	0	0	0	0
OG_10460	0	0	0	0	0	0	0	0	0	1	0	0	0	0	1	1	0	0	0
OG_10470	0	0	0	0	0	0	0	0	0	0	0	0	0	0	0	0	0	0	0
OG_10474	0	0	0	0	0	1	0	0	0	0	0	0	0	0	0	0	0	0	0
OG_10477	0	0	0	0	0	0	0	0	1	0	0	0	0	0	0	0	0	0	0
OG_10487	0	0	0	0	0	0	0	0	0	1	0	0	0	0	0	0	0	0	0
OG_10495	0	0	1	0	0	0	0	0	0	0	0	0	0	0	0	0	0	0	0
OG_10496	0	0	0	0	0	0	0	0	0	0	0	0	0	0	0	0	0	0	0
OG_10498	0	0	0	0	0	0	0	0	0	0	0	0	0	0	0	0	0	0	0
OG_10500	0	0	0	0	0	1	0	0	0	0	0	0	0	0	0	0	0	0	0
OG_1052	0	0	0	0	0	0	0	0	0	0	0	0	0	0	0	0	0	0	0
OG_10523	0	0	0	0	0	0	0	0	1	0	0	0	0	0	0	0	0	0	0
OG_10524	0	0	0	0	0	0	0	0	1	0	0	0	0	0	0	0	0	0	0
OG_10536	0	1	0	0	0	0	1	0	0	1	0	0	0	0	0	0	0	0	0
OG_10541	1	0	0	0	0	0	0	0	0	0	0	0	0	0	0	0	0	0	0
OG_10542	0	0	0	0	0	0	0	0	0	0	0	0	0	0	0	0	0	0	0
OG_10544	0	0	0	0	0	0	0	0	1	0	1	0	0	0	0	0	0	0	0
OG_10546	0	0	1	0	0	0	0	0	0	0	0	0	0	0	0	0	0	0	0
OG_10547	0	0	0	0	0	0	0	0	0	1	0	0	0	0	0	0	0	0	0
OG_10548	0	0	1	0	0	0	0	0	0	0	0	0	0	0	0	0	0	0	0
OG_10568	0	0	0	0	0	0	0	0	0	0	0	0	0	0	0	0	0	0	0
OG_1057	0	0	0	0	0	0	0	0	0	0	0	0	0	0	0	0	0	0	0
OG_10575	0	0	0	0	0	0	0	0	0	0	0	0	0	0	0	0	0	0	0
OG_10585	0	0	0	0	0	0	0	0	0	0	0	0	0	0	0	0	0	0	0
OG_10587	0	0	0	0	0	0	0	0	0	0	0	0	0	0	0	0	0	0	0
OG_10599	0	0	0	0	0	0	0	0	0	0	0	0	0	0	0	0	0	0	0
OG_10604	0	0	0	0	0	0	0	0	0	0	0	0	0	0	0	0	0	0	0
OG_10628	0	0	0	0	0	0	0	0	0	1	0	0	0	0	0	0	0	0	0
OG_10631	0	0	0	0	0	0	0	0	0	1	0	0	0	0	0	0	0	0	0
OG_10641	0	0	0	0	0	0	0	0	0	0	0	0	0	0	0	0	0	0	0
OG_10644	0	0	0	0	0	1	1	0	0	0	1	0	1	0	0	0	0	0	0
OG_10647	0	0	0	0	0	0	0	0	0	0	0	0	0	0	0	0	0	0	0
OG_10655	0	0	0	0	0	0	0	0	1	0	0	0	0	0	0	0	0	0	0
OG_1066	0	0	0	0	0	0	0	0	0	0	0	0	0	0	0	0	0	0	0
OG_10660	0	0	0	0	0	0	0	0	0	0	0	0	0	0	0	0	0	0	0
OG_10661	0	0	0	0	0	0	0	0	0	1	0	0	0	0	0	0	0	0	0
OG_10696	0	0	0	0	0	0	0	0	1	0	0	0	0	0	0	0	0	0	0
OG_10700	0	0	0	0	0	0	0	0	0	0	0	0	0	0	0	0	0	0	0
OG_10701	0	0	0	0	0	0	0	0	1	0	0	0	0	0	0	0	1	0	0
OG_10707	0	0	0	0	0	0	1	0	0	0	0	0	0	0	0	0	0	0	0
OG_10710	0	0	0	0	0	0	0	0	0	0	0	0	0	0	0	0	0	0	0
OG_10715	0	0	0	0	0	0	0	0	0	0	0	0	0	0	0	0	0	0	0
OG_10726	0	0	0	0	0	0	0	0	0	0	0	0	0	0	0	0	0	0	0
OG_10732	0	0	0	0	0	0	0	0	0	0	0	0	0	0	0	0	0	0	0
OG_10742	0	0	0	0	0	0	0	0	0	0	0	0	0	0	0	0	0	0	0
OG_10754	0	0	0	0	0	0	0	0	0	0	0	0	0	0	0	0	0	0	0
OG_10757	0	0	0	0	0	0	0	0	0	0	1	0	0	0	0	0	1	0	0
OG_10762	0	0	0	0	0	0	0	0	0	0	0	0	0	0	0	0	0	0	0
OG_10767	0	0	0	0	1	0	0	0	0	0	1	0	0	0	0	0	0	0	0
OG_10772	0	0	0	0	0	0	0	0	0	0	0	0	0	0	0	0	0	0	0
OG_10775	0	0	0	0	0	0	0	0	0	0	0	0	0	0	0	0	0	0	0
OG_1079	0	0	0	0	0	0	0	0	0	0	0	0	0	0	0	0	0	0	0
OG_10795	0	0	0	0	0	0	0	0	0	0	0	0	0	0	0	0	0	0	0
OG_108	0	0	0	0	0	0	0	0	0	0	0	0	0	0	0	0	0	0	0
OG_10800	0	0	0	0	0	0	0	0	0	1	0	0	0	0	0	0	0	0	0
OG_10806	0	0	0	0	0	0	0	0	0	0	0	0	0	0	0	0	0	0	0
OG_10807	0	0	0	0	0	0	0	0	0	0	0	0	0	0	0	0	0	0	0
OG_1082	0	0	0	0	1	0	1	0	0	1	0	0	0	0	1	0	0	0	0
OG_10820	0	0	0	0	0	0	0	0	0	0	0	0	0	0	0	0	0	0	0
OG_10821	0	0	0	0	0	0	0	0	0	0	0	0	0	0	0	0	0	0	0
OG_10840	0	0	0	0	0	0	0	0	0	0	0	0	0	0	0	0	0	0	0
OG_10841	0	0	0	0	0	0	0	0	0	1	0	0	0	0	0	0	0	0	0
OG_10859	0	0	0	0	0	0	0	0	0	1	0	0	0	0	0	0	0	0	0
OG_10868	0	0	0	0	0	0	0	0	0	1	0	0	0	0	0	0	0	0	0
OG_10869	0	0	0	0	0	0	0	0	0	0	0	0	0	0	0	0	0	0	0
OG_10875	0	0	0	0	0	0	0	0	0	0	0	0	0	0	0	0	0	0	0
OG_10896	0	0	0	0	0	0	0	0	0	0	0	0	0	0	0	0	0	0	0
OG_10897	0	0	0	0	0	0	0	0	0	0	0	0	0	0	0	0	0	0	0
OG_10904	0	0	1	0	0	0	0	0	0	0	0	0	0	0	0	0	0	0	0
OG_10908	0	0	0	0	0	0	0	0	0	0	0	0	0	0	0	0	0	0	0
OG_10916	0	0	0	0	0	0	0	0	0	0	0	0	0	0	0	0	0	0	0
OG_1092	0	0	0	0	0	0	0	0	0	0	0	0	0	0	0	0	0	0	0
OG_10924	0	0	0	0	0	0	0	0	0	0	0	0	0	0	0	0	0	0	0
OG_10933	0	0	0	0	0	0	0	0	0	0	0	0	0	0	0	0	0	0	0
OG_10951	0	0	0	0	0	0	0	0	0	0	0	0	0	0	0	0	0	0	0
OG_10954	0	0	0	0	0	0	0	0	0	0	0	0	0	0	0	0	0	0	0
OG_10955	0	0	0	0	0	0	0	0	0	0	0	0	0	0	0	0	0	0	0
OG_1097	0	0	0	0	0	0	0	0	0	0	0	0	0	0	0	0	0	0	0
OG_10973	0	0	0	0	0	0	0	0	0	0	0	0	0	0	0	0	1	0	0
OG_10987	0	0	0	0	0	0	0	0	0	0	0	0	0	0	0	0	0	0	0
OG_10988	0	0	0	0	0	0	0	0	0	0	0	0	0	0	0	0	0	0	0
OG_10991	0	0	0	0	0	0	0	0	0	0	0	0	0	0	0	0	0	0	0
OG_10997	0	0	0	0	0	0	0	0	0	0	0	0	0	0	0	0	0	0	0
OG_11009	0	0	0	0	0	0	0	0	0	0	0	0	0	0	0	0	0	0	0
OG_11021	0	0	0	0	0	0	0	0	0	0	0	0	0	0	0	0	0	0	0
OG_11022	0	0	0	0	0	0	0	0	0	0	0	0	0	0	0	0	0	0	0
OG_11027	0	0	0	0	0	0	0	0	0	1	0	0	0	0	0	0	0	0	0
OG_11028	0	0	0	0	0	0	0	0	0	0	1	0	0	0	0	0	0	0	0
OG_11032	0	0	0	0	0	0	0	0	0	0	0	0	0	0	0	0	0	0	0
OG_11035	0	0	0	0	0	0	0	0	0	0	0	0	0	0	0	0	0	0	0
OG_11045	0	0	0	0	0	0	0	0	0	0	0	0	0	0	0	0	0	0	0
OG_11047	0	0	0	0	0	0	1	0	0	0	1	0	0	0	0	0	0	0	0
OG_11050	0	0	0	0	0	0	0	0	0	0	0	0	0	0	0	0	0	0	0
OG_11052	0	0	0	0	0	0	0	0	0	0	0	0	0	0	0	0	0	0	0
OG_11056	0	0	0	0	0	0	0	0	0	0	0	0	0	0	0	0	0	0	0
OG_1106	0	0	0	0	0	0	0	0	0	0	0	0	0	0	0	0	0	0	0
OG_11067	0	0	0	0	0	0	0	0	0	0	0	0	0	0	0	0	0	0	0
OG_11068	0	0	0	0	0	0	0	1	0	0	0	0	0	0	0	1	0	0	0
OG_11069	0	0	0	0	0	0	0	0	0	0	0	0	0	0	0	0	0	0	0
OG_11077	0	0	0	0	0	0	0	0	0	0	0	0	0	0	0	0	0	0	0
OG_11081	0	0	0	0	0	0	0	0	0	0	0	0	0	0	0	0	0	0	0
OG_11083	0	0	0	0	0	0	0	0	0	0	0	0	0	0	0	0	0	0	0
OG_11087	0	0	0	0	0	0	0	0	1	0	0	0	0	0	0	0	0	0	0
OG_11089	0	0	0	0	0	0	0	0	0	0	0	0	0	0	0	0	0	0	0
OG_11091	0	0	0	0	0	0	0	0	0	0	0	0	0	0	0	0	0	0	0
OG_11095	0	0	0	0	0	0	0	0	0	0	0	0	0	0	0	0	0	0	0
OG_1111	0	0	1	0	0	0	0	0	0	0	0	0	0	0	0	0	0	0	0
OG_11125	0	0	0	0	0	1	0	1	0	1	0	0	0	0	0	0	1	0	0
OG_1114	0	0	0	0	0	0	0	0	0	0	0	0	0	0	0	0	0	0	0
OG_11142	0	0	0	0	0	0	0	0	0	0	0	0	0	0	0	0	0	0	0
OG_11151	0	0	0	0	0	0	0	0	0	1	0	0	0	0	0	0	0	0	0
OG_11160	0	0	0	0	0	0	0	0	0	0	0	0	0	0	0	0	0	0	0
OG_11172	0	0	0	0	0	0	0	0	0	0	1	0	0	0	0	0	0	0	0
OG_11177	0	0	1	0	0	0	0	0	0	0	0	0	0	0	0	0	0	0	0
OG_11179	0	0	1	0	0	0	0	0	0	1	0	0	0	0	0	0	0	0	0
OG_11181	0	0	0	0	0	0	0	0	0	0	0	0	0	0	0	0	0	0	0
OG_11188	0	0	0	0	0	0	0	0	0	1	0	0	0	0	0	0	0	0	0
OG_11197	0	0	0	0	0	0	0	0	0	0	0	0	0	0	0	0	0	0	0
OG_11199	0	0	0	0	0	0	0	0	1	0	0	0	0	0	0	0	0	0	0
OG_11200	0	0	0	0	0	0	0	0	0	0	0	0	0	0	0	0	0	0	0
OG_11204	0	0	0	0	0	0	0	0	0	0	0	0	0	0	0	0	0	0	0
OG_11205	0	0	0	0	0	0	0	0	0	1	0	0	0	0	0	0	0	0	0
OG_11221	0	0	0	0	0	0	0	0	0	0	0	0	0	0	0	0	0	0	0
OG_11234	0	0	0	0	0	0	0	0	0	0	0	0	0	0	0	1	1	0	0
OG_11241	0	0	0	0	0	0	0	0	0	0	0	0	0	0	0	0	1	0	0
OG_11254	0	1	0	0	0	0	0	0	0	0	0	0	0	0	0	0	0	0	0
OG_11259	0	1	0	0	0	0	0	0	0	0	0	0	0	0	0	0	0	0	0
OG_11273	0	0	0	0	0	0	0	0	0	0	1	0	0	0	0	0	1	0	0
OG_11297	0	0	0	0	0	0	0	0	0	0	0	0	0	0	0	0	1	0	0
OG_1130	0	0	0	0	0	0	0	0	0	0	0	0	0	0	0	0	0	0	0
OG_11302	0	0	0	0	0	0	0	0	1	1	0	0	0	0	0	1	1	0	0
OG_11304	0	0	0	0	0	0	0	0	0	0	0	0	0	0	0	0	0	0	0
OG_11306	0	0	0	0	0	0	0	1	0	1	0	0	0	0	0	0	1	0	0
OG_11328	0	0	0	0	0	0	1	0	0	0	0	0	0	0	1	0	1	0	0
OG_11329	0	0	0	0	0	0	1	0	0	0	0	0	0	0	0	0	0	0	0
OG_1133	0	0	0	0	0	0	0	0	0	0	0	0	0	0	0	0	1	0	0
OG_1137	0	0	0	0	0	0	0	0	0	0	0	0	0	0	0	0	0	0	0
OG_1138	0	0	0	0	0	0	0	0	0	0	0	0	0	0	0	0	0	0	0
OG_11405	0	0	0	0	0	0	0	0	0	0	0	0	0	0	0	0	0	0	0
OG_1142	0	0	0	0	0	0	0	0	1	1	0	0	0	0	0	0	1	0	0
OG_11433	0	0	0	0	0	0	0	0	0	0	1	0	0	0	0	0	0	0	0
OG_11435	1	0	0	1	0	1	0	0	0	0	0	0	0	0	0	0	0	0	0
OG_11438	0	0	0	0	0	0	0	1	0	0	0	0	0	0	0	1	0	0	0
OG_11445	0	0	0	0	0	0	0	0	0	1	0	0	0	0	0	0	0	0	0
OG_11448	0	0	0	0	0	0	1	0	0	0	0	0	0	0	0	0	0	0	0
OG_11449	0	1	0	0	0	0	0	0	0	0	0	0	0	0	1	0	0	0	0
OG_11455	0	0	0	0	0	0	0	1	0	1	0	0	0	0	0	0	0	0	0
OG_11456	0	0	0	0	0	0	0	0	0	0	1	0	0	0	1	0	0	0	0
OG_11458	0	0	0	0	0	0	0	0	1	0	0	0	0	0	0	0	0	0	0
OG_11465	0	0	0	0	1	0	0	0	1	1	0	0	0	0	0	0	0	0	0
OG_11478	0	0	0	0	0	0	0	0	1	1	0	0	0	0	0	1	0	0	0
OG_11481	0	0	0	0	0	0	0	0	0	0	1	0	0	0	0	0	0	0	0
OG_11499	0	0	0	0	0	0	0	0	0	0	0	0	0	0	0	0	0	0	0
OG_11500	0	0	0	0	0	0	0	0	0	0	0	0	0	0	0	0	0	0	0
OG_11506	0	0	0	0	0	0	0	0	0	0	0	1	0	0	1	0	0	0	0
OG_11508	0	0	0	0	0	0	0	0	0	0	1	0	0	0	0	0	0	0	0
OG_11519	0	0	0	0	0	0	0	0	0	0	0	0	0	0	0	0	0	0	0
OG_1152	1	0	0	0	0	0	0	0	0	0	0	0	0	0	0	0	0	0	0
OG_11526	1	0	0	0	0	0	0	0	0	0	0	0	0	0	0	1	0	0	0
OG_11532	0	0	0	0	0	0	0	0	0	0	0	0	0	0	0	0	0	0	0
OG_11540	0	0	0	0	0	0	0	0	0	1	0	0	0	0	1	1	0	0	0
OG_11543	0	0	0	0	0	0	0	0	0	1	0	0	0	0	0	0	0	0	0
OG_11545	0	0	0	0	0	0	0	0	0	0	1	0	0	0	0	0	0	0	0
OG_11555	0	0	0	0	0	0	0	0	0	1	0	0	0	0	0	0	0	0	0
OG_11563	0	0	0	0	0	0	0	0	0	0	0	0	0	0	0	0	0	0	0
OG_11569	0	1	0	0	0	0	0	0	0	0	0	0	0	0	0	0	0	0	0
OG_11579	0	0	0	0	0	0	0	0	0	0	1	0	0	0	0	0	0	0	0
OG_11585	0	0	0	0	0	0	0	0	0	0	1	0	0	0	1	0	0	0	0
OG_11589	0	0	0	0	0	0	0	0	0	0	0	0	0	0	0	0	0	0	0
OG_11599	0	0	0	0	0	0	0	0	0	0	0	0	0	0	0	0	0	0	0
OG_11600	0	0	0	0	0	0	0	0	0	0	0	0	0	0	0	0	0	0	0
OG_11603	0	0	0	0	0	0	0	0	0	0	0	0	0	0	0	0	0	0	0
OG_11614	0	0	0	0	0	0	0	0	0	0	0	0	0	0	0	0	1	0	0
OG_11639	0	0	0	0	0	0	0	0	0	0	0	0	0	0	0	0	0	0	0
OG_11668	0	0	0	0	0	0	1	0	1	0	0	0	0	0	0	0	0	0	0
OG_11669	0	0	0	0	0	0	0	0	0	0	0	0	0	0	0	0	0	0	0
OG_11671	0	0	0	0	0	0	0	0	0	0	0	0	0	0	0	0	0	0	0
OG_11692	0	0	0	0	0	0	0	0	0	0	0	0	0	0	0	0	0	0	0
OG_11702	0	0	0	0	0	0	1	0	0	0	0	0	0	0	1	0	0	0	0
OG_11725	0	0	0	0	0	0	0	0	0	0	0	0	0	0	0	0	0	0	0
OG_11739	0	0	0	0	0	0	0	0	0	0	0	0	0	0	1	0	0	0	0
OG_11748	0	0	0	0	0	0	0	0	0	0	0	0	0	0	0	0	0	0	0
OG_11750	0	0	0	0	0	0	0	0	0	0	0	0	0	0	0	0	0	0	0
OG_1176	0	0	0	0	0	0	0	0	0	0	0	0	0	0	0	0	0	0	0
OG_1177	0	0	0	0	0	0	0	0	0	0	0	0	0	0	0	0	0	0	0
OG_11778	0	0	0	0	0	0	0	0	0	0	0	0	0	0	0	0	0	0	0
OG_11782	0	0	0	0	0	0	0	0	0	0	0	0	0	0	0	0	0	0	0
OG_11785	0	0	0	0	0	0	0	0	0	0	0	0	0	0	0	0	0	0	0
OG_11812	0	0	0	0	0	0	0	0	0	0	0	0	0	0	0	0	0	0	0
OG_1182	0	0	0	0	0	0	0	0	0	0	0	0	0	0	0	0	0	0	0
OG_11850	0	0	0	0	0	0	0	0	0	0	0	0	0	0	0	0	0	0	0
OG_11870	0	0	0	1	0	0	0	0	0	0	0	0	0	0	0	0	0	0	0
OG_11886	0	0	0	0	0	0	0	0	0	0	0	0	0	0	0	0	0	0	0
OG_1189	0	0	0	0	0	0	0	0	0	0	0	0	0	0	0	0	0	0	0
OG_11897	0	0	0	0	0	0	1	0	1	0	0	0	0	0	0	0	0	0	0
OG_1193	0	0	0	0	0	0	0	0	0	0	0	0	0	0	0	0	0	0	0
OG_11934	0	0	0	0	0	0	0	0	0	0	0	0	0	0	0	0	0	0	0
OG_11947	0	0	0	0	0	0	0	0	0	0	0	0	0	0	0	0	0	0	0
OG_11948	0	0	1	0	0	0	0	0	0	0	0	0	0	0	0	0	0	0	0
OG_11965	0	0	0	0	0	0	0	0	0	0	0	0	0	0	0	0	0	0	0
OG_11972	0	0	1	0	0	0	0	0	0	1	0	0	0	0	0	0	0	0	0
OG_11980	0	0	0	0	0	0	0	0	0	0	0	0	0	0	0	0	0	0	0
OG_11984	0	0	0	0	0	0	0	0	0	0	0	0	0	0	0	0	0	0	0
OG_12020	0	0	0	0	0	0	0	0	0	0	0	0	0	0	0	0	0	0	0
OG_12035	0	0	0	0	0	0	0	0	0	0	1	0	0	0	0	0	1	0	0
OG_12043	0	0	1	0	0	0	0	0	0	1	0	0	0	0	0	0	0	0	0
OG_12066	0	0	1	0	0	0	0	0	0	0	0	0	0	0	0	0	0	0	0
OG_12072	0	0	0	0	0	0	0	0	0	0	0	0	0	0	0	0	0	0	0
OG_1208	0	0	0	0	0	0	0	0	0	1	0	0	0	0	0	0	0	0	0
OG_12096	0	0	0	0	0	0	0	0	1	0	1	0	0	0	0	0	1	0	0
OG_1210	0	0	0	0	0	0	0	0	0	0	0	0	0	0	0	0	0	0	0
OG_12163	0	0	0	0	0	0	0	0	0	0	0	0	0	0	0	0	0	0	0
OG_12244	0	0	0	0	0	0	1	0	1	0	1	0	0	0	0	0	1	0	0
OG_12251	0	0	0	0	0	0	0	0	1	0	0	0	0	0	0	0	1	0	0
OG_12268	0	0	0	0	0	0	0	0	0	0	0	0	0	0	0	0	0	0	0
OG_12272	0	0	0	0	0	0	0	0	0	0	0	0	0	0	0	0	0	0	0
OG_12312	0	0	0	0	0	0	0	0	0	0	0	0	0	0	0	0	1	0	0
OG_12394	0	0	0	0	0	0	0	0	0	0	0	0	0	0	0	0	1	0	0
OG_124	0	0	0	0	0	0	0	0	0	0	0	0	0	0	0	0	0	0	0
OG_12417	0	0	0	0	0	0	1	0	0	0	0	0	0	0	0	0	1	0	0
OG_12426	0	0	0	0	0	0	0	0	0	0	0	0	0	0	0	0	1	0	0
OG_12432	0	0	0	0	0	0	1	0	0	0	0	0	0	0	0	0	1	0	0
OG_12436	0	0	0	0	0	0	0	0	0	0	0	0	0	0	0	0	0	0	0
OG_1247	0	0	0	0	0	0	0	0	0	0	0	0	0	0	0	0	0	0	0
OG_125	0	0	0	0	0	0	0	0	1	0	1	0	0	0	0	0	0	0	0
OG_1254	0	0	0	0	0	0	0	0	0	1	0	0	0	0	0	0	0	0	0
OG_12547	0	0	0	0	0	0	0	0	0	0	0	0	0	0	0	0	0	0	0
OG_12549	0	0	0	0	0	0	0	0	0	0	0	0	0	0	0	0	0	0	0
OG_12569	0	0	0	0	0	0	0	0	0	0	0	0	0	0	0	0	0	0	0
OG_12583	0	0	0	0	0	0	0	0	0	0	0	0	0	0	0	0	0	0	0
OG_1263	0	0	0	0	0	0	0	0	0	0	0	0	0	0	0	0	0	0	0
OG_12646	0	0	0	0	0	0	0	0	0	0	0	0	0	0	0	0	0	0	0
OG_1266	0	0	0	0	0	0	0	0	0	0	0	0	0	0	0	0	0	0	0
OG_12667	0	0	0	0	0	1	0	0	0	0	0	0	0	0	0	0	1	0	0
OG_12675	0	0	0	0	0	0	0	0	0	0	0	0	0	0	0	0	0	0	0
OG_12680	0	0	0	0	0	0	0	0	0	0	0	0	0	0	0	0	0	0	0
OG_12681	0	0	0	0	0	0	0	0	0	0	0	0	0	0	0	0	0	0	0
OG_1269	0	0	0	1	0	0	0	0	0	0	0	0	0	0	0	0	0	0	0
OG_12707	0	0	0	0	0	0	0	0	0	1	0	1	0	0	1	0	1	0	0
OG_12708	0	0	0	0	0	0	0	0	0	0	1	1	0	0	1	0	1	0	0
OG_12716	0	0	0	0	0	0	0	0	0	1	0	1	0	0	1	0	1	0	0
OG_1275	0	0	0	0	0	0	0	0	1	0	0	0	0	0	0	0	0	0	0
OG_1277	0	0	0	0	0	0	0	0	0	0	0	0	0	0	0	1	1	0	0
OG_128	0	0	0	0	0	0	0	0	0	0	0	0	0	0	0	0	0	0	0
OG_1285	0	0	0	0	0	0	0	0	0	0	0	0	0	0	0	0	0	0	0
OG_1309	0	0	0	0	0	0	0	0	1	0	0	0	0	0	0	0	0	0	0
OG_1335	0	0	0	0	0	0	0	0	0	0	0	0	0	0	0	0	0	0	0
OG_1337	0	1	0	0	0	0	0	0	1	1	0	0	0	0	0	0	0	0	0
OG_1345	0	0	0	0	0	0	0	0	0	0	0	0	0	0	0	0	0	0	0
OG_1351	0	0	0	0	0	0	0	0	0	0	0	0	0	0	0	0	0	0	0
OG_1354	0	0	0	0	0	0	0	0	0	1	0	0	0	0	0	0	0	0	0
OG_1361	0	0	0	0	0	0	0	0	0	0	0	0	0	0	0	0	0	0	0
OG_1364	0	0	0	0	0	0	0	0	0	0	0	0	0	0	0	0	0	0	0
OG_137	0	0	0	0	0	0	0	0	0	0	0	0	0	0	0	0	0	0	0
OG_1373	0	0	0	0	0	0	0	0	0	0	0	0	0	0	0	0	0	0	0
OG_1375	0	0	1	0	0	0	0	0	0	0	0	0	0	0	0	0	0	0	0
OG_1380	0	0	0	0	0	0	0	0	0	0	0	0	0	0	0	0	1	0	0
OG_1383	0	0	0	0	0	0	0	0	0	0	0	0	0	0	0	0	0	0	0
OG_1388	0	0	0	0	0	0	0	0	0	0	0	0	0	0	0	0	0	0	0
OG_1427	0	0	0	0	0	0	0	0	0	0	0	0	0	0	1	0	0	0	0
OG_1434	0	0	0	0	0	0	0	0	0	0	0	0	0	0	0	0	0	0	0
OG_1443	0	0	0	0	0	0	0	0	0	0	0	0	0	0	0	0	0	0	0
OG_1447	0	0	0	0	0	1	0	0	0	0	0	0	0	0	0	0	1	0	0
OG_1449	0	0	0	0	0	0	0	0	0	1	0	0	0	0	0	0	0	0	0
OG_1451	0	0	0	0	0	0	0	0	0	0	0	0	0	0	0	0	0	0	0
OG_1452	0	0	0	0	0	0	0	0	0	0	0	0	0	0	0	0	0	0	0
OG_1459	0	0	0	0	0	0	0	0	1	0	0	0	0	0	0	0	1	0	0
OG_1478	0	0	0	0	0	0	0	0	0	0	0	0	0	0	0	0	0	0	0
OG_1481	0	0	0	0	0	1	0	0	1	1	0	0	0	0	0	0	0	0	0
OG_1488	0	0	0	0	0	0	0	0	0	0	0	0	0	0	0	0	0	0	0
OG_1497	0	0	0	0	0	0	0	0	0	1	0	0	0	0	0	0	0	0	0
OG_1498	0	0	0	0	0	0	0	0	0	0	0	0	0	0	0	0	0	0	0
OG_1525	0	0	0	0	0	0	0	0	0	0	0	0	0	0	0	0	0	0	0
OG_1549	0	0	0	0	0	0	0	0	0	0	0	0	0	0	0	0	0	0	0
OG_155	0	0	0	0	0	0	0	0	0	1	0	0	0	0	0	0	0	0	0
OG_1550	0	0	0	0	0	0	0	0	0	0	0	0	0	0	0	0	0	0	0
OG_1556	0	0	0	0	0	0	0	0	0	0	0	0	0	0	0	0	0	0	0
OG_1564	0	0	0	0	0	0	0	0	0	0	0	0	0	0	0	0	0	0	0
OG_1582	0	0	0	0	0	0	0	0	0	0	0	0	0	0	0	0	0	0	0
OG_1588	0	0	0	0	0	0	0	0	1	0	0	0	0	0	0	0	0	0	0
OG_1591	0	0	0	0	0	0	0	0	0	0	0	0	0	0	0	0	0	0	0
OG_16	0	0	0	0	0	0	0	0	0	0	0	0	0	0	0	0	0	0	0
OG_162	0	0	0	0	0	0	0	0	0	0	0	0	0	0	0	0	0	0	0
OG_1620	0	0	0	0	0	0	0	0	0	0	0	0	0	0	0	0	0	0	0
OG_1641	0	0	0	0	1	0	1	0	0	0	0	0	0	0	1	0	0	0	0
OG_165	0	0	0	0	0	0	0	0	0	0	0	0	0	0	0	0	0	0	0
OG_1650	0	0	0	0	0	0	0	0	0	0	0	0	0	0	0	0	0	0	0
OG_1651	0	0	0	0	0	0	0	0	0	0	0	0	0	0	0	0	0	0	0
OG_1656	0	0	0	0	0	0	0	0	0	0	0	0	0	0	0	0	0	0	0
OG_1670	0	0	0	0	0	0	0	0	0	0	0	0	0	0	0	0	0	0	0
OG_1689	0	0	0	0	0	0	0	0	0	0	0	0	0	0	0	0	0	0	0
OG_1690	0	0	0	0	0	0	0	0	0	0	0	0	0	0	0	0	0	0	0
OG_1692	0	0	0	0	0	0	0	0	1	0	0	0	0	0	0	0	0	0	0
OG_1693	0	0	0	0	0	0	0	0	0	0	0	0	0	0	0	0	0	0	0
OG_1696	0	0	0	0	0	0	0	0	0	0	0	0	0	0	1	0	1	0	0
OG_170	0	0	0	0	0	0	0	0	0	0	1	0	0	0	0	0	0	0	0
OG_1704	0	0	0	0	0	0	0	0	0	1	0	0	0	0	0	0	0	0	0
OG_1709	0	0	0	0	0	0	0	0	0	1	0	0	0	0	0	0	0	0	0
OG_1715	0	0	0	0	0	0	0	0	1	1	0	0	0	0	0	0	0	0	0
OG_1724	0	0	0	0	0	0	0	0	0	0	0	0	0	0	0	0	0	0	0
OG_1732	0	0	0	0	0	0	0	0	0	0	0	0	0	0	0	0	0	0	0
OG_1759	0	0	0	0	0	0	1	0	1	1	0	0	0	0	0	0	0	0	0
OG_1767	0	0	0	0	0	0	0	0	0	0	0	0	0	0	0	0	0	0	0
OG_1769	0	0	0	0	0	0	0	0	0	0	0	0	0	0	0	0	0	0	0
OG_1774	0	0	0	0	0	0	0	0	0	0	0	0	0	0	0	0	0	0	0
OG_1776	0	0	0	0	0	0	0	0	1	0	0	0	0	0	0	1	0	0	0
OG_1786	0	0	0	0	0	0	0	0	1	1	0	0	0	0	0	0	1	0	0
OG_1802	0	0	1	0	0	0	0	0	0	0	0	0	0	0	0	0	0	0	0
OG_1809	0	0	0	0	0	0	0	0	0	0	0	0	0	0	0	0	0	0	0
OG_1817	0	0	0	0	0	0	0	0	0	1	0	0	0	0	0	1	0	0	0
OG_1821	0	0	0	0	0	0	0	0	0	0	1	0	0	0	0	0	0	0	0
OG_1824	0	0	0	0	0	0	1	0	1	0	0	0	0	0	0	0	0	0	0
OG_1831	0	0	0	0	0	0	0	0	0	1	0	0	0	0	0	0	0	0	0
OG_1832	1	0	1	0	0	0	0	0	0	0	0	0	0	0	0	0	0	0	0
OG_1838	0	0	0	0	0	0	0	0	0	0	0	0	0	0	1	0	1	0	0
OG_1843	0	0	0	0	0	0	0	0	0	0	0	0	0	0	0	0	0	0	0
OG_1852	0	0	0	0	0	0	0	0	0	0	0	0	0	0	0	0	1	0	0
OG_1860	0	0	0	0	0	0	0	0	0	0	1	0	0	0	0	0	0	0	0
OG_1866	0	0	0	0	0	0	0	0	0	0	0	0	0	0	0	0	0	0	0
OG_1880	0	0	0	0	0	0	0	0	0	0	0	0	0	0	0	0	0	0	0
OG_1898	0	0	0	0	0	0	0	0	0	0	0	1	0	0	1	0	0	0	0
OG_19	0	0	0	0	0	0	0	0	0	0	0	0	0	0	0	0	0	0	0
OG_190	0	0	0	0	0	0	0	0	0	0	0	0	0	0	0	0	0	0	0
OG_1919	0	0	0	0	0	0	0	0	0	0	0	0	0	0	0	0	0	0	0
OG_1927	0	0	0	0	0	0	0	0	0	0	0	0	0	0	0	0	0	0	0
OG_1948	0	0	0	0	0	0	0	0	0	0	0	0	0	0	0	0	0	0	0
OG_1951	0	0	0	0	0	0	1	0	0	1	0	0	0	0	0	0	0	0	0
OG_1955	0	0	0	0	0	0	0	0	0	0	0	0	0	0	0	0	0	0	0
OG_1977	0	0	0	0	0	0	0	0	1	0	0	0	0	0	0	0	0	0	0
OG_1984	0	0	0	0	0	0	0	0	0	0	0	0	0	0	0	0	0	0	0
OG_2002	0	0	0	0	0	0	0	0	0	0	0	0	0	0	0	0	0	0	0
OG_2003	0	0	1	0	0	1	0	0	0	0	0	0	0	0	0	0	0	0	0
OG_2015	0	0	0	0	0	0	0	0	1	1	0	0	0	0	0	0	1	0	0
OG_2018	0	0	0	0	0	0	1	0	0	1	0	0	0	0	0	0	0	0	0
OG_2026	0	0	0	0	0	0	0	0	0	0	0	0	0	0	0	0	0	0	0
OG_2031	0	0	0	0	0	0	0	0	0	0	0	0	0	0	0	0	0	0	0
OG_2053	0	0	0	0	0	0	0	0	0	0	0	0	0	0	0	0	0	0	0
OG_2061	0	0	0	0	0	0	0	0	0	0	0	0	0	0	0	0	0	0	0
OG_2064	0	0	0	0	0	0	0	0	0	0	0	0	0	0	0	0	0	0	0
OG_2069	0	0	0	0	0	0	0	0	1	0	0	0	0	0	0	0	0	0	0
OG_2082	0	0	0	0	0	0	0	0	0	0	0	0	0	0	0	0	0	0	0
OG_2090	0	0	0	0	1	0	0	0	0	0	0	0	0	0	0	0	0	0	0
OG_2105	0	0	0	0	0	0	0	0	0	0	1	0	0	0	0	0	0	0	0
OG_2122	0	0	0	0	0	0	0	0	0	0	0	0	0	0	0	0	0	0	0
OG_2128	0	0	0	0	0	0	1	0	1	1	0	0	0	0	0	0	1	0	0
OG_2133	0	0	0	0	0	0	0	0	0	0	0	0	0	0	0	0	0	0	0
OG_2136	0	0	0	0	0	0	0	1	0	0	0	0	0	0	0	0	0	0	0
OG_2139	0	0	0	0	0	0	0	0	0	0	0	0	0	0	0	0	0	0	0
OG_2140	0	0	0	0	0	0	0	0	0	0	0	0	0	0	0	0	0	0	0
OG_216	0	0	0	0	0	0	0	0	0	0	0	0	0	0	0	0	0	0	0
OG_2169	0	0	0	0	0	0	0	0	0	0	1	0	0	0	0	0	1	0	0
OG_2178	0	0	0	0	0	0	0	0	1	0	0	0	0	0	0	0	0	0	0
OG_2181	0	0	0	0	0	0	0	0	0	0	0	0	0	0	0	0	0	1	0
OG_2184	0	0	0	0	0	0	0	0	1	0	0	0	0	0	0	1	0	0	0
OG_2186	0	0	0	0	0	0	0	0	0	0	0	0	0	0	0	0	0	0	0
OG_219	0	0	0	0	0	0	0	0	0	0	0	0	0	0	0	0	0	0	0
OG_2193	0	0	0	0	0	0	1	0	0	0	0	0	0	0	0	0	0	0	0
OG_2209	0	0	0	0	0	0	0	0	1	1	0	0	0	0	0	0	0	0	0
OG_2221	0	0	0	0	0	0	0	0	0	0	0	0	0	0	0	0	0	0	0
OG_2222	0	0	0	1	0	0	1	0	0	0	0	0	0	0	0	0	0	0	0
OG_2224	0	0	0	0	0	0	0	0	0	0	0	0	0	0	0	0	0	0	0
OG_2229	0	0	0	0	0	0	0	0	0	0	0	0	0	0	0	0	0	0	0
OG_2234	0	0	0	0	0	0	0	0	0	0	0	0	0	0	0	0	0	0	0
OG_2235	0	0	0	0	0	0	0	0	0	0	1	0	0	0	0	0	0	0	0
OG_2239	0	0	0	0	0	0	0	0	0	0	0	0	0	0	0	0	0	0	0
OG_2246	0	0	0	0	1	0	0	0	1	0	0	0	0	0	0	0	0	0	0
OG_2252	0	0	0	0	0	0	0	0	0	0	0	0	0	0	0	0	0	0	0
OG_2255	0	0	0	0	0	0	0	0	0	1	0	0	0	0	0	0	0	0	0
OG_2256	0	0	0	0	0	0	0	0	0	0	0	0	0	0	0	0	0	0	0
OG_2259	0	0	0	0	0	0	0	0	0	1	0	0	0	0	0	0	0	0	0
OG_2263	0	0	0	0	0	0	0	0	0	1	0	0	0	0	0	0	0	0	0
OG_2267	0	0	0	0	0	0	0	0	1	0	0	0	0	0	0	0	0	0	0
OG_2276	0	1	0	0	0	0	0	0	0	0	0	0	0	0	0	0	0	0	0
OG_228	0	0	0	0	0	0	0	0	0	0	0	0	0	0	0	0	0	0	0
OG_2281	0	0	0	0	0	0	0	0	0	0	0	0	0	0	0	0	1	0	0
OG_2282	0	0	0	0	0	0	0	0	0	0	0	0	0	0	0	0	0	0	0
OG_2283	0	0	0	0	0	0	0	0	0	0	1	0	0	0	0	0	1	0	0
OG_2293	0	0	0	0	0	0	0	0	0	0	0	0	0	0	0	0	0	0	0
OG_2302	0	0	0	0	0	0	0	0	0	0	0	0	0	0	0	0	0	0	0
OG_2308	0	0	0	0	0	0	0	0	1	1	0	0	0	0	0	0	1	0	0
OG_2310	0	0	0	0	0	0	0	0	0	0	1	0	0	0	0	0	0	0	0
OG_2313	0	0	0	0	0	0	0	0	0	0	0	0	0	0	0	0	0	0	0
OG_2319	0	0	0	0	0	0	0	0	0	0	0	0	0	0	0	0	0	0	0
OG_2327	0	0	0	0	0	0	0	0	0	0	0	0	0	0	0	0	0	0	0
OG_2328	0	0	0	0	0	0	0	0	0	0	1	0	0	0	0	0	0	0	0
OG_2330	0	0	0	0	0	0	0	0	0	0	1	0	0	0	0	0	0	0	0
OG_2341	0	0	1	0	0	0	0	0	1	0	0	0	0	0	0	0	0	0	0
OG_2345	0	0	0	0	0	0	0	0	0	0	1	0	0	0	0	0	0	0	0
OG_2346	0	0	0	0	0	0	1	0	0	1	0	0	0	0	0	0	0	0	0
OG_2347	0	0	0	0	0	0	0	0	0	0	1	0	0	0	0	0	0	0	0
OG_236	0	0	0	0	0	0	0	0	0	0	0	0	0	0	0	0	0	0	0
OG_2361	0	0	0	0	0	0	0	0	0	0	0	0	0	0	0	0	1	0	0
OG_2365	0	0	0	0	0	0	0	0	0	0	0	0	0	0	0	0	0	0	0
OG_2376	0	0	0	0	0	0	0	0	0	0	1	0	0	0	1	0	1	0	0
OG_2380	0	0	0	0	0	0	0	0	0	1	0	0	0	0	0	0	1	0	0
OG_2382	0	1	1	0	0	0	0	0	0	0	1	0	0	0	0	0	0	0	0
OG_2400	0	0	0	0	0	0	0	0	0	0	1	0	0	0	0	0	0	0	0
OG_2401	0	0	0	0	0	0	0	0	0	0	1	0	0	0	0	0	0	0	0
OG_2408	0	0	0	0	1	0	0	0	0	0	0	0	0	0	0	0	0	0	0
OG_2415	0	0	0	0	0	1	0	0	0	0	0	0	0	0	1	0	0	0	0
OG_2421	0	0	0	0	0	0	0	0	0	0	1	0	0	0	0	0	0	0	0
OG_2436	0	0	0	0	0	0	1	0	1	0	1	0	0	0	0	0	1	0	0
OG_2440	0	0	0	0	0	0	0	0	0	0	0	0	0	0	0	0	0	0	0
OG_2444	0	0	0	0	0	0	0	0	1	0	0	0	0	0	0	0	0	0	0
OG_2445	0	0	0	0	0	0	0	0	0	0	0	0	0	0	0	0	0	0	0
OG_2446	0	0	0	0	0	0	1	0	0	0	1	0	0	0	0	0	0	0	0
OG_2457	0	0	0	0	0	0	1	0	1	0	0	0	0	0	0	0	0	0	0
OG_2459	0	0	0	0	0	0	0	0	1	0	0	0	0	0	0	0	1	0	0
OG_2462	0	0	0	0	0	0	0	0	0	0	1	0	0	0	0	0	0	0	0
OG_2469	0	0	0	0	0	0	0	0	0	0	0	0	0	0	0	0	0	0	0
OG_2473	0	1	0	0	0	0	0	0	0	0	0	0	1	0	0	0	0	0	0
OG_2476	0	0	0	0	0	0	0	0	0	0	0	0	0	0	0	0	0	0	0
OG_2483	0	0	0	0	0	0	0	0	0	0	0	0	0	0	0	0	0	0	0
OG_2486	0	0	0	0	0	0	0	0	0	0	1	0	0	0	0	0	0	0	0
OG_2490	0	0	0	0	0	0	0	0	0	0	0	0	0	0	0	0	0	0	0
OG_2493	0	0	0	0	0	0	0	0	0	0	0	0	0	0	0	0	1	0	0
OG_250	0	0	0	0	0	0	0	0	1	1	0	0	0	0	0	0	0	0	0
OG_2503	0	0	0	0	0	0	0	0	0	1	0	0	0	0	0	0	0	0	0
OG_2512	0	0	0	0	0	0	0	0	0	0	0	0	0	0	1	0	0	0	0
OG_2514	0	0	0	0	0	0	0	0	0	0	0	0	0	0	0	0	0	0	0
OG_2517	0	0	0	0	0	0	0	0	0	0	1	0	0	0	0	0	0	0	0
OG_2525	0	0	0	0	0	0	0	0	1	0	0	0	0	0	0	0	0	0	0
OG_2528	0	0	1	0	0	0	0	0	0	0	0	0	0	0	0	0	0	0	0
OG_2536	0	0	0	0	0	0	0	0	0	1	0	0	0	0	0	0	0	0	0
OG_2544	0	0	0	0	0	0	0	0	0	0	0	0	0	0	0	0	0	0	0
OG_2556	0	0	0	0	0	0	0	1	0	0	1	0	0	0	0	0	0	0	0
OG_2559	0	0	0	0	0	0	0	0	0	0	0	0	0	0	0	0	0	0	0
OG_2565	0	0	0	0	0	0	0	0	0	1	0	0	0	0	0	0	0	0	0
OG_2575	0	0	0	0	0	0	0	0	0	0	1	0	0	0	0	0	0	0	0
OG_2579	0	0	0	0	0	0	0	0	0	1	0	0	0	0	0	0	0	0	0
OG_2595	0	0	1	0	0	0	0	0	0	0	0	0	0	0	0	0	0	0	0
OG_2599	0	0	0	0	0	0	0	0	0	0	0	0	0	0	0	0	0	0	0
OG_2600	0	0	0	0	0	0	0	0	0	0	0	0	0	0	0	0	0	0	0
OG_2603	0	0	0	0	0	0	1	0	0	0	0	0	0	0	0	0	0	0	0
OG_2609	0	0	0	0	0	0	0	0	0	1	0	0	0	0	0	0	1	0	0
OG_2611	0	0	0	0	0	0	0	0	0	0	0	0	0	0	0	0	0	0	0
OG_2613	0	0	0	0	0	0	0	0	0	0	0	0	0	0	0	0	0	0	0
OG_2617	0	0	0	0	0	0	0	0	0	0	0	0	0	0	0	0	0	0	0
OG_2623	0	0	0	0	0	0	0	0	0	0	0	0	0	0	0	0	0	0	0
OG_2637	0	0	0	0	0	0	0	0	1	0	0	0	0	0	0	0	1	0	0
OG_265	0	0	0	0	0	0	0	0	1	1	0	0	0	0	0	0	0	0	0
OG_2651	0	0	0	0	1	0	1	0	0	0	0	0	0	0	1	0	0	0	0
OG_2655	0	0	0	0	0	0	0	0	0	0	0	0	1	0	0	0	0	0	0
OG_2661	0	0	0	0	0	0	0	0	1	0	0	0	0	0	0	0	1	0	0
OG_2662	0	0	0	0	0	0	0	0	0	0	0	0	0	0	0	0	1	0	0
OG_2663	0	0	0	0	0	0	0	0	0	0	0	0	0	0	0	0	0	0	0
OG_2668	0	0	0	0	1	0	0	0	0	1	0	0	0	0	0	0	0	0	0
OG_2678	0	0	0	0	0	0	0	0	0	0	0	0	0	0	0	0	0	0	0
OG_2685	0	0	0	0	0	0	0	0	0	1	0	0	0	0	0	0	1	0	0
OG_269	0	0	0	0	0	0	0	0	0	0	0	0	0	0	0	0	0	0	0
OG_2693	0	0	0	0	0	0	0	0	1	0	0	0	0	0	0	0	0	0	0
OG_2695	0	0	0	0	0	0	0	0	0	0	0	0	0	0	0	0	0	0	0
OG_2696	0	0	0	0	1	0	1	0	0	0	0	0	0	0	0	0	1	0	0
OG_2714	0	0	0	0	0	0	0	0	1	1	0	0	0	0	0	0	0	0	0
OG_2717	0	0	0	0	0	0	1	0	0	0	0	0	0	0	0	0	0	0	0
OG_2726	0	0	0	0	0	0	0	0	0	1	0	0	0	0	0	0	0	0	0
OG_2729	0	0	0	0	0	0	0	0	0	0	0	0	0	0	0	0	0	0	0
OG_2745	0	0	0	0	0	0	0	0	0	1	0	0	0	0	0	0	0	0	0
OG_2748	0	0	0	0	0	0	0	0	0	0	0	0	0	0	0	0	0	0	0
OG_2755	0	0	0	0	0	0	0	0	0	0	0	0	0	0	0	0	0	0	0
OG_2767	0	0	0	0	0	0	0	0	1	1	0	0	0	0	0	0	0	0	0
OG_277	0	0	0	0	0	0	0	0	0	0	0	0	0	0	0	0	0	0	0
OG_2770	0	0	0	0	0	0	0	0	0	0	1	0	0	0	0	0	1	0	0
OG_2771	0	0	0	0	0	0	1	0	0	0	0	0	0	0	0	0	0	0	0
OG_2772	0	0	0	0	0	0	0	0	0	0	1	0	0	0	0	0	0	0	0
OG_2773	0	0	0	0	1	0	1	0	1	1	0	0	0	0	0	0	0	0	0
OG_2774	0	0	0	0	0	0	0	1	0	0	0	0	0	0	0	0	0	0	0
OG_2778	0	0	0	0	1	0	0	0	1	0	0	0	0	0	0	0	1	0	0
OG_2785	0	0	0	0	0	0	0	0	0	0	0	0	0	0	0	0	0	0	0
OG_2789	0	0	0	0	0	0	1	0	1	1	0	0	0	0	0	0	1	0	0
OG_2790	0	0	0	0	0	0	0	0	0	0	0	0	0	0	0	0	0	0	0
OG_2804	0	0	0	0	0	0	0	0	0	1	0	0	0	0	0	0	0	0	0
OG_2814	0	0	1	0	0	0	0	0	0	0	0	0	0	0	0	0	0	0	0
OG_2816	0	0	0	0	0	0	0	0	0	0	0	0	0	0	0	0	0	0	0
OG_2829	0	0	0	0	0	0	0	0	0	0	0	0	0	0	0	0	0	0	0
OG_2840	0	0	0	0	0	0	0	0	0	1	0	0	0	0	0	0	0	0	0
OG_2844	0	0	0	0	0	0	0	0	0	1	0	0	0	0	0	0	0	0	0
OG_2847	0	0	0	0	0	0	0	0	0	0	0	0	0	0	0	0	0	0	0
OG_2850	0	0	0	0	0	0	0	0	0	0	0	0	0	0	0	0	0	0	0
OG_2852	0	0	0	0	0	0	0	0	0	0	0	0	0	0	0	0	0	0	0
OG_2853	0	0	0	0	0	0	0	0	0	0	0	0	0	0	0	0	0	0	0
OG_2857	0	0	0	0	0	0	0	0	0	0	0	0	0	0	0	0	0	0	0
OG_2858	0	0	0	0	0	0	0	0	0	0	0	0	0	0	0	0	0	0	0
OG_2866	0	0	0	0	0	0	0	0	0	0	1	0	0	0	0	0	1	0	0
OG_2869	0	0	0	0	0	0	0	0	0	0	1	0	0	0	0	0	1	0	0
OG_2871	0	0	0	0	0	0	0	0	0	0	0	0	0	0	0	0	0	0	0
OG_2873	0	0	0	0	0	0	0	0	0	0	1	0	0	0	0	0	0	0	0
OG_291	0	0	0	0	0	0	0	0	0	0	0	0	0	0	0	0	0	0	0
OG_2918	0	0	0	0	0	0	0	0	0	0	0	0	0	0	0	0	0	0	0
OG_2924	0	0	0	0	0	0	0	0	0	1	0	0	0	0	0	0	0	0	0
OG_2931	0	1	0	0	0	0	0	0	1	0	0	0	1	0	0	0	0	0	0
OG_2934	0	0	0	1	1	0	0	0	0	0	0	0	0	0	0	0	0	0	0
OG_2941	0	0	0	0	0	0	0	0	1	0	1	0	0	0	0	0	0	0	0
OG_2943	0	0	0	0	1	0	1	0	0	0	0	0	0	0	0	0	1	0	0
OG_295	0	0	0	0	0	0	0	0	0	1	0	0	0	0	0	0	0	0	0
OG_2950	0	0	0	0	0	0	0	0	0	0	1	0	0	0	0	0	0	0	0
OG_2951	0	0	0	0	0	0	0	0	0	0	0	0	0	0	0	0	0	0	0
OG_2957	0	0	0	0	0	0	0	0	0	0	1	0	0	0	0	0	0	0	0
OG_2961	0	0	0	0	0	0	0	0	0	1	0	0	0	0	0	0	0	0	0
OG_2968	0	0	0	0	0	0	0	0	0	0	1	0	0	0	0	0	0	0	0
OG_2969	0	0	0	0	0	0	0	0	0	1	0	0	0	0	0	0	0	0	0
OG_2973	0	0	0	0	0	0	0	0	0	0	0	0	0	0	0	0	0	0	0
OG_2977	0	0	0	0	0	0	0	0	1	0	0	0	1	0	0	0	0	0	0
OG_2979	0	0	0	0	0	0	0	0	0	0	0	0	0	0	0	0	0	0	0
OG_2985	0	0	0	0	0	0	0	0	0	0	0	0	0	0	0	0	0	0	0
OG_2988	0	0	0	0	0	0	1	0	0	1	0	0	0	0	0	0	0	0	0
OG_2989	0	0	0	0	0	0	0	0	0	0	0	0	0	0	0	0	0	0	0
OG_2997	0	0	0	0	0	0	0	0	0	1	0	0	0	0	0	0	0	0	0
OG_2998	0	0	0	0	0	0	1	0	0	0	1	0	0	0	0	0	0	0	0
OG_3003	0	0	0	0	0	0	0	0	0	0	0	0	0	0	0	0	0	0	0
OG_3008	0	0	0	0	0	0	1	0	1	0	0	0	0	0	0	0	0	0	0
OG_3011	0	0	0	0	0	0	0	0	1	0	0	0	0	0	0	1	0	0	0
OG_3018	0	0	0	0	0	0	0	0	0	0	0	0	0	0	0	0	0	0	0
OG_303	0	0	0	0	0	0	0	0	0	0	0	0	0	0	0	0	0	0	0
OG_3039	0	0	0	0	0	0	0	0	0	0	0	0	0	0	0	0	1	0	0
OG_3045	0	0	0	0	0	0	0	0	0	0	0	0	0	0	0	0	0	0	0
OG_3059	0	1	0	0	0	0	0	0	0	0	0	0	0	0	0	0	0	0	0
OG_3060	0	0	0	0	0	0	0	0	0	0	0	0	0	0	0	0	0	0	0
OG_3067	0	0	0	0	0	0	0	0	0	0	0	0	0	0	0	0	0	0	0
OG_3068	0	0	0	0	0	0	1	0	0	0	1	0	0	0	0	0	1	0	0
OG_3072	0	0	0	0	0	0	0	0	0	0	0	0	0	0	0	0	0	0	0
OG_3079	0	0	0	0	0	0	0	0	0	1	0	0	0	0	0	0	0	0	0
OG_3080	0	0	0	0	0	0	0	0	0	0	0	0	0	0	0	0	0	0	0
OG_3081	1	0	0	0	0	0	0	0	1	0	0	0	0	0	0	0	0	0	0
OG_3086	0	0	0	0	0	0	0	0	0	0	0	0	0	0	0	0	0	0	0
OG_3087	0	0	0	0	0	0	0	0	0	0	0	0	0	0	0	0	0	0	0
OG_309	0	0	0	0	0	0	0	0	0	0	0	0	0	0	0	0	0	0	0
OG_3094	0	0	0	0	0	0	0	0	1	0	0	0	0	0	0	0	0	0	0
OG_31	0	0	0	0	0	0	0	0	0	0	0	0	0	0	0	0	0	0	0
OG_3104	0	0	0	0	0	0	0	0	0	0	0	0	0	0	0	0	0	0	0
OG_3105	0	0	0	0	0	0	0	0	0	0	0	0	0	0	0	0	0	0	0
OG_3109	0	0	0	0	0	0	0	0	1	0	0	0	0	0	0	0	0	0	0
OG_3112	0	0	0	0	0	0	0	0	0	1	0	0	0	0	0	0	0	0	0
OG_3113	0	0	0	0	0	0	0	0	0	0	1	0	0	0	0	0	0	0	0
OG_3116	0	0	0	0	0	1	0	0	0	0	0	0	0	0	0	0	1	0	0
OG_3117	0	0	0	0	0	0	0	0	0	0	0	0	0	0	0	0	0	0	0
OG_3120	0	0	0	0	0	0	0	0	0	0	0	0	0	0	0	0	0	0	0
OG_3126	0	0	0	0	0	0	0	0	1	0	0	0	0	0	0	0	0	0	0
OG_3133	0	0	0	0	0	0	0	0	0	0	0	0	0	0	0	0	0	0	0
OG_3136	0	0	0	0	0	0	0	0	1	1	0	0	0	0	0	0	0	0	0
OG_3138	0	0	0	0	0	0	0	0	0	0	0	1	0	0	0	0	1	0	0
OG_3144	0	0	0	0	0	1	0	0	0	0	1	0	0	0	0	0	1	0	0
OG_3151	0	0	0	0	0	0	0	0	1	1	0	0	0	0	0	0	0	0	0
OG_3153	0	0	0	0	0	1	0	0	0	0	0	0	0	0	0	0	0	0	0
OG_3155	0	0	0	0	0	0	0	0	0	0	1	0	0	0	0	0	0	0	0
OG_3158	0	0	0	0	0	0	0	0	0	1	0	0	0	0	0	0	0	0	0
OG_3162	0	0	0	0	0	0	0	0	1	0	0	0	0	0	0	1	1	0	0
OG_3163	0	0	0	0	0	0	0	0	0	0	0	0	0	0	0	0	0	0	0
OG_3166	0	0	1	0	0	0	0	0	0	0	0	0	0	0	0	0	0	0	0
OG_3178	0	0	0	0	0	0	1	0	0	1	0	0	0	0	0	0	0	0	0
OG_3180	0	0	0	0	0	0	0	0	0	0	0	0	0	0	0	0	0	0	0
OG_3181	0	0	0	0	0	1	0	0	1	0	0	0	0	0	0	0	1	0	0
OG_3183	0	0	1	0	0	0	1	0	0	0	0	0	0	0	0	0	0	0	0
OG_3184	0	0	0	0	0	0	0	0	0	0	0	0	0	0	0	0	0	0	0
OG_3189	0	0	0	0	0	0	1	0	0	0	0	0	0	0	1	0	0	0	0
OG_3212	0	0	0	0	0	0	0	0	0	0	0	0	0	0	0	0	0	0	0
OG_3216	0	0	0	0	0	0	0	0	0	0	0	0	0	0	0	0	0	0	0
OG_3218	0	0	0	0	0	0	0	0	0	0	1	0	0	0	0	0	1	0	0
OG_3225	0	0	0	0	0	0	0	0	1	0	1	0	0	0	0	0	0	0	0
OG_3231	0	0	0	0	0	0	0	0	0	0	0	0	0	0	0	0	0	0	0
OG_3241	0	0	0	0	0	0	0	0	0	0	0	0	0	0	0	0	0	0	0
OG_3254	0	0	0	0	0	0	0	0	0	0	0	0	0	0	0	0	0	0	0
OG_3260	0	0	0	0	0	0	0	0	1	1	0	0	0	0	0	0	0	0	0
OG_3272	0	0	0	0	0	0	0	0	0	1	0	0	0	0	0	0	1	0	0
OG_3275	0	0	0	0	0	0	0	0	0	0	0	0	0	0	0	0	0	0	0
OG_3278	0	0	0	0	0	0	0	0	0	0	1	0	0	0	0	0	0	0	0
OG_3289	0	0	0	0	0	0	0	0	0	0	0	0	0	0	0	0	0	0	0
OG_3292	0	0	0	0	1	0	0	0	0	1	0	0	0	0	1	0	0	0	0
OG_3298	0	1	1	0	0	0	0	0	0	1	0	0	0	0	0	0	0	0	0
OG_3315	0	0	0	0	0	0	0	0	0	0	0	0	0	0	0	0	0	0	0
OG_3323	0	0	0	0	0	0	0	0	0	0	0	0	0	0	0	0	0	0	0
OG_3324	0	0	0	0	0	0	0	0	0	0	0	0	0	0	0	0	0	0	0
OG_3333	0	0	0	0	0	0	0	0	0	0	0	0	0	0	0	0	0	0	0
OG_3344	0	0	0	0	0	0	0	0	0	0	0	0	0	0	0	0	0	0	0
OG_3347	0	0	0	0	0	0	0	0	0	0	0	0	0	0	1	0	0	0	0
OG_336	0	0	1	0	0	0	0	0	0	0	0	0	0	0	0	0	0	0	0
OG_3360	0	0	0	0	0	0	0	0	1	1	0	0	0	0	0	0	0	0	0
OG_3362	0	0	0	0	0	0	0	0	0	1	0	0	0	0	0	0	0	0	0
OG_3371	0	0	0	0	0	0	0	0	0	1	0	0	0	0	0	0	0	0	0
OG_3373	0	0	0	0	0	0	0	0	0	1	0	0	0	0	0	0	0	0	0
OG_3376	0	0	0	1	0	1	0	0	0	1	0	0	0	0	1	0	0	0	0
OG_3390	0	0	0	0	0	0	0	0	1	1	0	0	0	0	0	0	0	0	0
OG_3394	0	0	0	0	0	0	0	0	0	1	0	0	0	0	0	0	1	0	0
OG_340	0	0	0	0	0	0	0	0	1	0	0	0	0	0	0	0	0	0	0
OG_3402	0	0	0	0	0	0	0	0	1	0	0	0	0	0	0	0	1	0	0
OG_3405	0	0	0	0	0	0	0	1	0	0	1	1	0	0	0	0	1	0	0
OG_341	0	0	0	0	0	0	0	0	0	0	0	0	0	0	0	0	0	0	0
OG_3410	0	0	0	0	0	0	0	0	0	1	0	0	0	0	0	0	0	0	0
OG_342	0	0	0	0	0	0	0	0	0	0	0	0	0	0	0	0	0	0	0
OG_3426	0	0	0	0	0	0	0	0	1	0	1	0	0	0	0	0	0	0	0
OG_3427	0	0	0	0	0	0	0	0	0	0	0	0	0	0	0	0	0	0	0
OG_3446	0	0	0	0	0	0	0	0	0	0	0	0	0	0	0	0	0	0	0
OG_3454	0	0	0	0	0	0	0	0	1	0	0	0	0	0	0	0	1	0	0
OG_3463	0	0	0	0	0	0	0	0	0	1	0	0	0	0	0	0	0	0	0
OG_3468	0	0	0	0	0	0	0	0	0	0	0	0	0	0	0	0	1	0	0
OG_3470	0	0	0	0	0	0	0	0	0	0	0	0	0	0	0	0	0	0	0
OG_3478	0	0	0	0	0	0	0	0	0	0	0	0	0	0	0	0	1	0	0
OG_3491	0	0	0	0	0	0	0	0	0	0	0	0	0	0	0	0	0	0	0
OG_3494	0	0	0	0	0	0	0	0	0	0	0	0	0	0	0	0	0	0	0
OG_3495	0	0	0	0	0	0	0	0	0	0	0	0	0	0	0	0	0	0	0
OG_3496	0	0	1	0	0	0	0	0	0	0	0	0	0	0	0	0	0	0	0
OG_350	0	0	0	0	0	0	0	0	0	0	0	0	0	0	0	0	0	0	0
OG_3501	0	0	0	0	0	0	0	0	0	0	1	0	0	0	0	0	0	0	0
OG_3505	0	0	0	0	0	0	0	0	0	0	0	0	0	0	0	0	0	0	0
OG_3508	0	0	0	0	0	0	0	0	0	0	0	0	0	0	0	0	0	0	0
OG_3519	0	0	1	0	0	0	0	0	0	1	0	0	0	0	0	0	0	0	0
OG_3532	0	0	0	0	0	0	0	0	0	0	0	0	0	0	0	0	0	0	0
OG_3537	0	0	0	0	0	0	0	0	0	1	0	0	0	0	0	0	0	0	0
OG_3555	0	0	0	0	0	0	0	0	0	0	0	0	0	0	0	0	1	0	0
OG_356	0	0	0	0	0	0	0	0	0	0	0	0	0	0	0	0	0	0	0
OG_3560	0	0	0	0	0	0	0	0	0	0	0	0	0	0	0	0	0	0	0
OG_3564	0	0	0	0	0	0	0	0	0	0	0	0	0	0	0	0	0	0	0
OG_3566	0	0	0	0	0	0	0	0	0	0	0	0	0	0	0	0	0	0	0
OG_3571	0	0	0	0	0	0	0	0	0	1	0	0	0	0	0	0	0	0	0
OG_3576	0	0	0	0	0	0	0	0	0	0	0	0	0	0	0	0	0	0	0
OG_3584	0	0	0	0	0	0	1	1	0	0	0	0	0	0	0	0	0	0	0
OG_3588	0	0	0	0	0	0	0	0	0	0	1	0	0	0	0	0	0	0	0
OG_3594	0	0	0	0	0	0	0	0	1	0	0	0	0	0	0	0	0	0	0
OG_3597	0	0	0	0	0	0	0	0	0	0	1	0	0	0	0	0	1	0	0
OG_3600	0	0	0	0	0	0	0	0	0	0	0	0	0	0	0	0	0	0	0
OG_3601	0	0	0	0	0	0	0	0	0	0	0	0	0	0	0	0	0	0	0
OG_3604	0	0	0	0	0	0	0	0	0	0	0	0	0	0	0	0	0	0	0
OG_3608	0	0	0	0	0	0	0	0	0	1	0	0	0	0	1	0	0	0	0
OG_3609	0	0	0	0	0	1	1	0	0	1	0	0	0	0	1	0	1	0	0
OG_3626	0	0	0	0	0	0	0	1	0	0	0	0	0	0	0	0	1	0	0
OG_3635	0	0	0	0	0	0	0	0	0	1	0	0	0	0	0	0	0	0	0
OG_364	0	0	0	0	0	0	0	0	0	1	0	0	0	0	0	0	0	0	0
OG_3645	0	0	0	0	0	0	1	0	0	0	0	0	0	0	0	0	0	0	0
OG_3655	0	0	0	0	0	0	0	0	0	0	0	0	0	0	0	0	0	0	0
OG_3660	0	0	0	0	0	0	0	0	0	0	1	0	0	0	0	0	0	0	0
OG_3671	0	0	0	0	0	0	0	0	0	0	1	0	0	0	1	0	0	0	0
OG_3676	0	0	0	0	0	0	0	0	0	0	0	0	0	0	0	0	0	0	0
OG_368	0	0	0	0	0	0	0	0	0	0	0	0	0	0	0	0	0	0	0
OG_3687	0	0	0	0	0	0	0	0	0	0	0	0	0	0	0	0	0	0	0
OG_3693	0	0	0	0	0	0	0	0	0	0	1	0	0	0	0	0	0	0	0
OG_3697	0	0	0	0	0	0	0	0	0	1	0	0	0	0	0	0	0	0	0
OG_37	0	0	0	0	0	0	0	0	0	0	0	0	0	0	0	0	0	0	0
OG_3712	0	0	0	0	0	0	0	0	0	0	0	0	0	0	0	0	0	0	0
OG_3723	0	0	0	0	0	0	0	0	0	0	0	0	0	0	0	0	0	0	0
OG_3739	0	0	0	0	0	0	0	0	0	0	0	0	0	0	0	0	0	0	0
OG_3740	0	0	0	0	0	0	0	0	0	0	0	0	0	0	0	0	0	0	0
OG_3746	0	0	0	0	0	0	0	0	0	0	0	0	0	0	0	0	0	0	0
OG_3747	0	0	0	0	0	0	0	0	1	0	0	0	0	0	0	0	1	0	0
OG_3771	0	0	0	0	0	0	0	0	0	0	0	0	0	0	0	0	0	0	0
OG_3772	0	0	0	0	0	0	0	0	0	0	1	0	0	0	0	0	1	0	0
OG_3792	0	0	0	0	0	0	0	0	0	0	0	0	0	0	0	0	0	0	0
OG_3794	0	0	0	0	0	0	0	0	0	0	0	0	0	0	0	0	0	0	0
OG_3810	0	0	0	0	0	0	0	0	0	0	0	0	0	0	0	0	0	0	0
OG_3812	0	0	0	0	0	0	0	0	0	1	0	0	0	0	0	0	0	0	0
OG_3824	0	0	0	0	0	0	0	0	0	1	0	0	0	0	0	0	0	0	0
OG_3826	0	0	0	0	0	0	0	0	0	1	0	0	0	0	0	0	0	0	0
OG_3836	0	0	0	0	0	0	0	0	0	1	0	0	0	0	0	0	0	0	0
OG_3840	0	0	0	0	0	0	0	0	0	0	0	0	0	0	0	0	0	0	0
OG_3846	0	0	0	0	0	0	0	0	0	0	0	0	0	0	0	0	0	0	0
OG_3853	0	0	0	0	0	0	0	1	0	1	0	0	0	0	0	0	1	0	0
OG_3860	0	0	0	0	0	0	1	0	1	1	0	0	0	0	0	0	1	0	0
OG_3866	0	0	0	0	1	0	0	0	1	0	0	0	0	0	0	0	1	0	0
OG_3872	0	0	0	0	0	0	0	0	0	1	0	0	0	0	0	0	0	0	0
OG_3875	0	0	0	0	0	1	1	0	1	1	0	0	0	0	0	0	1	0	0
OG_3883	0	0	0	0	0	0	0	0	0	0	0	0	0	0	0	0	0	0	0
OG_3894	0	0	0	0	0	0	1	0	0	1	0	0	0	0	0	0	1	0	0
OG_3896	0	0	0	0	0	0	0	0	0	0	0	0	0	0	0	0	0	0	0
OG_3904	0	0	0	0	0	0	0	0	0	1	0	0	0	0	0	1	1	0	0
OG_3912	0	0	0	0	0	0	0	0	0	0	0	0	0	0	0	0	0	0	0
OG_3919	0	0	0	0	0	0	0	0	0	0	0	0	0	0	0	0	0	0	0
OG_3949	0	0	0	0	0	0	0	0	1	0	0	0	0	0	0	0	0	0	0
OG_3950	0	0	0	0	0	0	0	0	1	0	0	0	0	0	0	0	0	0	0
OG_3965	0	0	0	0	0	0	0	0	0	0	0	0	0	0	0	0	0	0	0
OG_3968	0	0	0	0	0	0	0	0	0	0	0	0	0	0	0	0	0	0	0
OG_3971	0	0	0	0	0	0	0	0	0	0	0	0	0	0	0	0	0	0	0
OG_3990	1	0	0	0	0	0	0	0	0	0	0	0	0	0	0	0	0	0	0
OG_4000	0	0	0	0	0	0	0	0	0	0	0	0	0	0	0	0	0	0	0
OG_4007	0	0	0	0	0	0	0	0	1	0	0	0	0	0	0	0	0	0	0
OG_4014	0	0	0	0	0	0	1	0	0	0	0	0	0	0	0	0	0	0	0
OG_4025	0	0	0	0	0	0	0	0	0	0	0	0	0	0	0	0	0	0	0
OG_4026	0	0	0	0	0	0	1	0	1	1	0	0	0	0	0	0	1	0	0
OG_4029	0	0	0	0	0	0	0	0	0	0	0	0	0	0	0	0	0	0	0
OG_403	0	0	0	0	0	0	0	0	0	0	0	0	0	0	0	0	0	0	0
OG_4032	0	0	0	0	0	0	0	0	0	0	0	0	0	0	0	0	1	0	0
OG_4033	0	0	0	0	0	0	0	0	1	0	0	0	0	0	0	0	0	0	0
OG_4034	0	0	0	0	0	0	0	0	0	0	0	0	0	0	0	0	0	0	0
OG_4038	0	0	0	0	0	0	0	0	1	0	0	0	0	0	0	0	0	0	0
OG_4047	0	0	0	0	0	0	1	0	0	0	0	0	0	0	0	0	0	0	0
OG_4051	0	0	0	0	0	0	1	0	0	0	0	0	0	0	0	0	0	0	0
OG_4052	0	0	0	0	0	0	0	0	0	0	0	0	0	0	0	0	0	0	0
OG_4053	0	0	0	0	0	0	1	0	0	0	0	0	0	0	0	0	0	0	0
OG_4060	1	0	0	0	0	0	0	0	0	0	0	0	0	0	0	0	0	0	0
OG_4066	0	0	0	0	0	0	0	0	0	0	0	0	0	0	0	0	0	0	0
OG_4067	0	0	0	0	0	0	0	0	0	0	0	0	0	0	0	0	0	0	0
OG_4069	0	0	0	0	0	0	0	1	0	1	0	0	0	0	0	0	0	0	0
OG_4070	0	0	0	0	0	0	0	0	0	0	0	0	0	0	0	0	0	0	0
OG_4079	0	0	0	0	0	0	0	0	0	0	0	0	0	0	0	0	0	0	0
OG_4081	0	0	0	0	1	0	1	0	0	0	0	0	0	0	0	0	0	0	0
OG_4082	0	0	0	0	0	0	0	0	0	0	0	0	0	0	0	0	0	0	0
OG_409	0	0	0	0	0	0	0	0	0	0	0	0	0	0	0	0	0	0	0
OG_4091	0	0	0	0	0	0	0	0	0	0	0	0	0	0	0	0	0	0	0
OG_4096	0	0	0	0	0	0	1	0	0	0	0	0	0	0	0	0	0	0	0
OG_411	0	0	0	0	0	0	0	0	0	0	0	0	0	0	0	0	0	0	0
OG_412	0	0	0	0	0	0	0	0	1	0	0	0	0	0	0	0	1	0	0
OG_4129	0	0	0	0	0	0	1	0	0	0	0	0	0	0	0	0	0	0	0
OG_4131	0	0	1	0	0	0	0	0	0	0	0	0	0	1	0	0	0	0	0
OG_4132	0	0	0	0	0	0	0	0	1	0	1	0	0	0	0	0	0	0	0
OG_4147	0	0	0	0	0	0	0	0	0	0	1	0	0	0	0	0	0	0	0
OG_4152	0	0	1	0	0	0	0	0	0	0	0	0	0	0	0	0	0	0	0
OG_4153	0	0	0	0	0	0	0	0	0	0	0	0	0	0	0	0	0	0	0
OG_4156	0	0	1	0	0	0	0	0	0	0	1	0	0	0	0	0	0	0	0
OG_4162	0	1	0	0	0	0	0	0	1	0	1	0	0	0	0	1	0	0	0
OG_4164	0	0	0	0	0	0	0	0	1	1	0	1	0	0	0	0	1	0	0
OG_4171	0	0	0	0	0	0	0	0	0	0	0	0	0	0	1	0	0	0	0
OG_4173	0	0	0	0	0	0	0	0	0	0	0	0	0	0	0	0	0	0	0
OG_4174	0	0	0	0	0	0	0	0	0	0	0	0	0	0	0	0	0	0	0
OG_4175	0	0	0	0	0	0	1	0	0	0	1	0	0	0	0	0	0	0	0
OG_418	0	0	0	0	0	0	0	0	0	0	0	0	0	0	0	0	0	0	0
OG_4184	0	0	0	0	0	0	1	1	0	0	1	0	0	0	0	0	0	0	0
OG_4190	0	0	0	0	0	0	0	0	0	0	0	0	0	0	0	0	0	0	0
OG_4191	0	0	0	0	0	0	0	0	0	0	0	0	0	0	0	0	0	0	0
OG_4200	0	0	0	0	0	0	0	0	0	0	0	0	0	0	0	0	0	0	0
OG_4204	1	0	0	0	0	0	0	0	1	0	1	0	0	0	0	0	0	0	0
OG_4216	0	0	0	0	0	0	0	0	1	0	0	0	0	0	0	0	0	0	0
OG_4218	0	0	0	0	0	0	0	0	0	0	0	0	0	0	0	0	0	0	0
OG_4224	0	0	0	0	0	0	0	0	0	0	0	0	0	1	0	0	0	0	0
OG_4234	0	0	0	0	0	1	1	0	0	0	0	0	0	0	1	0	0	0	0
OG_424	0	0	0	0	0	0	0	0	1	0	0	0	0	0	0	1	0	0	0
OG_4240	1	0	0	0	0	0	0	0	1	0	0	0	0	0	0	0	0	0	0
OG_4248	0	1	0	0	0	0	0	0	0	0	0	0	0	0	0	0	0	0	0
OG_4256	0	0	0	0	0	0	0	0	0	0	0	0	0	0	0	0	0	0	0
OG_4277	0	0	0	0	0	0	0	0	0	0	0	0	0	0	0	0	0	0	0
OG_4341	0	0	0	0	0	0	0	0	0	0	0	1	0	0	0	0	0	0	0
OG_4348	0	0	0	0	0	0	0	0	0	0	0	0	0	0	0	0	0	0	0
OG_4359	0	0	0	0	0	0	0	0	0	0	0	0	0	0	0	0	0	0	0
OG_4365	0	0	0	0	0	1	0	0	0	0	0	0	0	0	0	0	0	0	0
OG_437	0	0	1	0	0	0	0	0	0	0	0	0	0	0	0	0	0	0	0
OG_4373	0	0	0	0	0	0	0	0	0	0	0	0	0	0	0	0	0	0	0
OG_4375	0	0	0	0	0	0	0	0	0	0	0	0	0	0	0	0	0	0	0
OG_438	0	0	1	0	0	0	0	0	0	0	0	0	0	0	0	0	0	0	0
OG_4398	0	0	0	0	0	0	1	0	0	0	0	0	0	0	0	0	0	0	0
OG_4402	0	0	0	1	0	0	0	0	0	0	0	0	0	0	0	0	0	0	0
OG_4403	0	0	0	1	0	0	0	0	0	0	0	0	0	0	0	0	0	0	0
OG_4407	0	0	0	0	0	0	0	0	0	0	0	0	0	0	0	0	0	0	0
OG_4415	0	0	0	0	0	0	0	0	0	1	0	0	0	0	0	0	0	0	0
OG_4420	0	0	0	0	0	0	0	0	0	0	0	0	0	0	0	0	0	0	0
OG_4425	0	0	0	0	0	0	0	0	0	0	0	0	0	0	0	0	0	0	0
OG_4427	0	0	0	0	0	0	0	0	0	0	0	0	0	0	0	0	0	0	0
OG_4431	0	0	0	0	0	0	0	0	1	0	0	0	0	0	0	0	0	0	0
OG_4434	0	0	0	0	0	0	0	0	0	0	0	0	0	0	0	0	0	0	0
OG_4439	0	1	0	0	0	0	0	0	0	0	0	0	0	0	0	0	0	0	0
OG_4449	0	0	0	0	0	0	0	0	0	0	0	0	0	0	0	0	0	0	0
OG_4450	0	0	0	1	0	1	0	0	0	0	1	0	0	0	0	0	0	0	0
OG_4452	0	0	0	0	0	0	0	0	0	1	0	0	0	0	0	0	0	0	0
OG_4453	0	0	0	0	0	0	0	0	0	1	0	1	0	0	1	0	0	0	0
OG_4458	0	0	0	0	0	0	0	0	0	0	0	0	0	0	0	0	0	0	0
OG_4459	0	0	0	0	0	0	1	0	0	1	0	0	0	0	0	0	0	0	0
OG_4461	0	0	0	0	0	0	0	0	0	0	1	0	0	0	0	0	0	0	0
OG_4477	0	0	0	0	0	0	0	0	1	1	0	0	0	0	0	0	0	0	0
OG_4480	0	0	0	0	0	0	1	0	0	0	0	0	0	0	0	0	0	0	0
OG_4482	0	0	0	0	0	0	0	0	0	0	0	0	0	0	0	0	0	0	0
OG_4490	0	0	0	0	0	0	0	0	0	1	0	0	0	0	0	0	0	0	0
OG_4496	0	0	0	0	0	0	0	0	0	0	1	0	0	0	0	0	1	0	0
OG_4502	0	0	0	0	0	0	0	0	0	0	0	0	0	0	0	0	0	0	0
OG_4507	1	0	0	0	0	0	0	0	0	0	0	0	0	0	0	0	0	0	0
OG_4513	0	0	0	0	0	0	0	0	0	0	0	0	0	0	0	0	0	0	0
OG_4519	0	0	0	0	0	0	0	0	0	0	0	0	0	0	0	0	1	0	0
OG_4540	0	0	0	0	0	0	0	0	0	0	0	0	0	0	0	0	0	0	0
OG_4541	0	0	0	0	0	0	0	0	0	0	0	0	0	0	0	0	0	0	0
OG_4547	0	0	0	0	0	0	0	0	0	0	0	0	0	0	0	0	0	0	0
OG_4554	0	0	0	0	0	0	0	0	0	1	0	0	0	0	0	0	1	0	0
OG_4569	0	0	0	0	0	0	0	0	0	0	0	0	0	0	0	0	0	0	0
OG_4571	0	0	0	0	0	0	0	0	1	1	0	0	0	0	0	0	0	0	0
OG_4574	0	0	0	0	1	0	1	0	0	1	0	0	0	0	0	0	1	0	0
OG_4575	1	0	0	0	0	0	0	0	0	0	0	0	0	0	0	0	0	0	0
OG_4580	0	0	0	0	0	0	1	0	0	0	0	0	0	0	1	0	0	0	0
OG_4583	0	0	0	0	0	0	1	0	1	1	0	0	0	0	0	0	0	0	0
OG_4591	0	0	0	0	0	0	1	0	1	1	0	0	0	0	0	0	1	0	0
OG_4594	0	0	0	0	0	0	0	0	0	0	0	0	0	0	0	0	0	0	0
OG_46	0	0	0	0	0	0	0	0	1	0	0	0	0	0	0	0	0	0	0
OG_4600	0	0	0	0	0	0	0	0	1	1	0	0	0	0	0	0	0	0	0
OG_4604	0	0	0	0	0	0	0	0	0	0	0	0	0	0	0	0	1	0	0
OG_4611	0	0	0	0	0	0	0	0	1	1	0	0	0	0	0	0	0	0	0
OG_4615	0	0	0	0	0	0	0	0	0	0	0	0	0	0	0	0	0	0	0
OG_4616	0	0	0	0	0	0	0	0	0	0	0	0	0	0	0	0	0	0	0
OG_4617	0	0	0	0	0	0	0	0	0	0	0	0	0	0	0	0	0	0	0
OG_4620	0	0	0	0	0	0	0	0	0	0	0	0	0	0	0	0	0	0	0
OG_4623	0	0	0	0	0	0	0	0	0	0	1	0	0	0	0	0	0	0	0
OG_4624	0	0	0	0	0	0	0	0	0	0	0	0	0	0	0	0	0	0	0
OG_4625	0	0	0	1	0	0	0	0	0	1	0	0	0	0	0	0	0	0	0
OG_4626	0	0	0	0	0	0	0	0	0	0	0	0	0	0	0	0	1	0	0
OG_4627	0	0	0	0	0	0	1	0	0	0	0	0	0	0	0	0	0	0	0
OG_4631	0	0	0	0	0	0	0	0	0	1	0	0	0	0	0	0	1	0	0
OG_4638	0	0	0	0	0	0	0	0	0	0	1	0	0	0	0	0	0	0	0
OG_466	0	0	0	0	0	0	0	0	0	0	0	0	0	0	0	0	0	0	0
OG_4660	0	0	0	0	0	0	0	0	1	0	0	0	0	0	0	0	0	0	0
OG_4667	0	0	0	0	0	0	1	0	0	0	0	0	0	0	0	0	1	0	0
OG_4670	0	0	0	0	0	0	0	0	0	0	0	0	0	0	0	0	0	0	0
OG_4681	0	0	0	0	0	0	0	0	0	1	0	0	0	0	0	0	0	0	0
OG_4684	0	0	0	0	0	0	1	0	0	1	0	0	0	0	0	0	1	0	0
OG_4691	0	0	0	0	0	0	0	0	0	0	0	0	0	0	0	0	0	0	0
OG_4717	0	0	0	0	0	0	0	0	0	0	0	0	0	0	0	0	0	0	0
OG_4728	0	0	0	0	0	0	0	0	0	0	0	0	0	0	0	0	1	0	0
OG_4735	0	0	0	0	0	0	0	0	0	0	0	0	0	0	0	0	0	0	0
OG_4745	0	0	0	0	0	0	0	0	0	0	0	0	0	0	0	0	1	0	0
OG_4751	0	0	0	0	0	0	0	0	0	0	0	0	0	0	0	0	0	0	0
OG_4754	0	0	0	0	0	0	0	0	1	0	0	0	0	0	0	0	0	0	0
OG_4755	0	0	0	0	0	0	0	0	1	1	0	0	0	0	0	0	0	0	0
OG_4758	0	0	0	0	0	0	1	0	0	0	0	0	0	0	1	0	0	0	0
OG_4761	0	0	0	0	1	0	1	0	1	1	0	0	0	0	0	0	0	0	0
OG_4779	0	0	0	0	0	0	0	0	0	0	0	0	0	0	0	0	0	0	0
OG_4785	0	0	1	0	0	0	0	0	1	1	0	0	0	0	0	0	0	0	0
OG_4789	0	0	0	0	0	0	0	0	1	0	0	0	0	0	0	0	0	0	0
OG_4790	0	0	0	0	0	0	0	0	0	1	0	0	0	0	0	0	0	0	0
OG_4791	0	1	0	0	0	0	0	0	0	0	0	0	0	0	0	0	0	0	0
OG_4797	0	0	0	0	0	0	0	0	0	0	0	0	0	0	0	0	1	0	0
OG_4799	0	0	0	0	0	0	0	0	1	0	0	0	0	0	0	0	0	0	0
OG_4800	0	0	0	0	0	0	0	0	0	0	0	0	0	0	0	0	0	0	0
OG_4828	0	0	0	0	0	0	0	0	1	0	1	0	0	0	0	0	1	0	0
OG_4836	0	0	0	0	0	0	0	0	0	1	0	0	0	0	0	1	0	0	0
OG_4843	0	0	0	0	0	0	0	1	0	0	1	0	0	0	0	0	1	0	0
OG_4851	0	0	0	0	0	0	0	0	1	0	0	0	0	0	0	0	1	0	0
OG_4852	0	0	0	0	0	0	0	0	0	0	0	0	0	0	0	0	0	0	0
OG_4888	0	0	0	0	0	0	0	0	0	0	0	0	0	0	0	0	0	0	0
OG_489	0	0	0	0	0	0	0	0	0	1	0	0	0	0	0	0	0	0	0
OG_4902	0	0	0	0	0	0	1	0	1	0	0	0	0	0	0	0	1	0	0
OG_4922	0	0	0	0	1	0	0	0	0	0	0	0	0	0	0	0	0	0	0
OG_4925	0	0	0	0	1	0	0	0	0	0	0	0	0	0	0	0	0	0	0
OG_4935	0	0	0	0	0	0	0	1	0	0	0	0	0	0	0	0	0	0	0
OG_495	0	0	0	0	0	0	0	0	0	0	0	0	0	0	0	0	0	0	0
OG_4951	0	0	0	0	0	0	1	0	0	0	0	0	0	0	0	0	1	0	0
OG_4954	0	0	0	0	0	0	0	0	0	0	0	0	0	0	0	0	0	0	0
OG_4969	0	0	0	0	0	0	1	0	0	0	0	0	0	0	0	0	0	0	0
OG_4973	0	0	0	0	0	0	0	0	0	0	0	0	0	0	0	0	0	0	0
OG_5002	0	0	0	1	1	0	1	0	1	0	0	0	0	0	0	0	0	0	0
OG_5004	0	0	0	0	0	0	0	0	0	1	0	0	0	0	0	0	0	0	0
OG_5006	0	0	1	0	1	0	0	0	0	0	1	0	0	0	0	0	0	0	0
OG_5007	0	0	0	0	0	0	0	0	0	0	0	0	0	0	1	0	0	0	0
OG_5010	0	0	0	0	0	0	0	0	0	0	0	0	0	0	1	0	0	0	0
OG_5015	0	0	1	0	0	0	0	0	0	0	0	0	0	0	0	0	0	0	0
OG_5028	0	0	0	0	0	0	0	0	1	0	0	0	0	0	0	0	1	0	0
OG_5038	0	0	0	0	0	0	0	0	0	0	0	0	0	0	0	0	1	0	0
OG_5041	0	0	0	0	0	0	0	0	1	0	0	0	0	0	0	0	1	0	0
OG_505	0	0	0	0	0	0	0	0	0	0	0	0	0	0	0	0	0	0	0
OG_5050	0	0	0	0	0	0	0	0	1	0	0	0	0	0	0	0	0	0	0
OG_5062	0	0	0	0	0	0	1	0	0	0	0	0	0	0	0	0	1	0	0
OG_5069	0	0	0	0	0	0	0	0	0	0	0	0	0	0	0	0	0	0	0
OG_507	0	0	0	0	0	0	0	0	0	0	0	0	0	0	0	0	0	0	0
OG_5078	0	0	0	0	0	0	0	0	0	0	1	0	0	0	0	0	0	0	0
OG_5079	0	0	0	0	0	0	0	0	1	1	0	0	0	0	0	0	0	0	0
OG_5101	0	0	1	0	0	0	0	0	1	0	0	0	0	0	0	0	0	0	0
OG_5103	0	0	0	0	0	0	0	0	0	1	0	0	0	0	1	1	0	0	0
OG_5107	0	0	0	0	0	0	0	0	0	0	0	0	0	0	0	0	0	0	0
OG_512	0	0	0	0	0	0	0	0	1	0	0	0	0	0	0	0	0	0	0
OG_5122	0	0	0	0	1	0	1	0	0	0	0	0	0	0	0	0	1	0	0
OG_5126	0	0	0	0	0	0	0	0	0	0	0	0	0	0	0	0	0	0	0
OG_5139	0	0	0	0	0	0	1	0	0	0	0	0	0	0	1	0	0	0	0
OG_5144	0	0	0	0	0	0	0	0	1	0	0	0	0	0	0	0	0	0	0
OG_5147	0	0	0	0	0	0	1	0	1	0	0	0	0	0	0	0	0	0	0
OG_516	0	0	0	0	0	0	0	0	0	1	0	0	0	0	1	0	1	0	0
OG_5160	0	0	1	0	0	0	1	0	0	0	0	0	0	0	0	0	0	0	0
OG_5163	0	0	0	0	0	0	0	0	1	0	0	0	0	0	0	0	0	0	0
OG_5171	0	0	0	0	0	0	0	0	0	1	0	0	0	0	0	0	0	0	0
OG_5172	0	0	0	0	0	0	1	0	0	1	0	0	0	0	1	0	1	0	0
OG_5173	0	0	0	0	0	0	0	0	0	0	0	0	0	0	0	0	0	0	0
OG_5176	0	0	0	0	0	0	0	0	0	0	0	0	0	0	0	0	0	0	0
OG_5180	0	0	1	0	0	0	0	0	0	0	0	0	0	0	0	0	0	0	0
OG_5198	0	0	0	0	0	1	0	0	0	0	0	0	0	0	0	0	0	0	0
OG_5200	0	0	0	0	0	0	0	0	0	0	0	0	0	0	0	0	0	0	0
OG_5207	0	0	0	0	1	0	0	1	0	1	0	0	0	0	0	0	1	0	0
OG_521	0	0	0	0	0	0	0	0	0	0	0	0	0	0	0	0	0	0	0
OG_5223	0	0	0	0	0	0	0	0	0	0	0	0	0	0	0	0	0	0	0
OG_5228	0	0	1	0	0	0	0	0	0	0	0	0	0	0	0	1	0	0	0
OG_5237	0	0	0	0	0	0	0	1	0	1	0	0	0	0	0	1	1	0	0
OG_524	0	0	0	0	0	0	0	0	0	0	0	0	0	0	0	0	0	0	0
OG_5244	0	0	0	0	0	0	0	0	1	1	0	0	0	0	0	0	1	0	0
OG_5245	0	0	0	0	0	0	0	0	0	0	0	0	0	0	0	0	0	0	0
OG_5262	0	0	0	0	0	1	1	0	0	0	1	0	0	0	0	0	1	0	0
OG_5268	0	0	0	0	0	0	0	0	0	0	0	0	0	0	0	0	0	0	0
OG_527	0	0	0	0	0	0	0	0	0	1	0	0	0	0	0	0	0	0	0
OG_5284	0	0	0	0	0	0	0	0	0	1	0	0	0	0	1	0	1	0	0
OG_5290	0	0	0	0	0	0	0	0	0	1	0	0	0	0	0	1	1	0	0
OG_5305	0	0	0	0	0	0	1	1	0	0	0	0	0	0	0	0	1	0	0
OG_531	0	0	0	0	0	0	0	0	0	0	0	0	0	0	0	0	0	0	0
OG_5310	0	0	0	0	0	0	0	0	0	0	0	0	0	0	0	0	0	0	0
OG_5315	0	0	0	0	1	0	1	1	0	1	0	0	0	0	0	0	1	0	0
OG_5323	0	0	0	0	0	0	0	0	0	0	0	0	0	0	0	0	0	0	0
OG_5324	0	0	0	0	1	0	1	1	0	0	0	0	0	0	0	0	0	0	0
OG_5326	0	0	0	0	0	0	1	0	1	0	0	0	0	0	0	0	0	0	0
OG_5332	0	0	0	0	0	0	0	0	0	0	0	0	0	0	0	0	0	0	0
OG_534	0	0	0	0	0	0	0	0	0	0	0	0	0	0	0	0	0	0	0
OG_5363	0	0	0	0	1	0	1	0	0	0	0	0	0	0	0	0	1	0	0
OG_538	0	0	0	0	0	0	0	0	0	0	0	0	0	0	0	0	0	0	0
OG_5405	0	0	1	0	0	0	0	0	0	0	0	0	0	0	0	0	0	0	0
OG_5424	0	0	0	0	0	0	0	1	0	1	0	0	0	0	0	1	1	0	0
OG_5438	0	0	0	0	0	0	0	0	0	0	0	0	0	0	0	0	0	0	0
OG_544	0	0	0	0	0	0	0	0	0	0	0	0	0	0	0	0	0	0	0
OG_545	0	0	0	0	0	0	0	0	0	0	0	0	0	0	0	0	0	0	0
OG_5458	0	0	0	0	0	0	0	0	0	0	0	0	0	0	0	0	0	0	0
OG_5460	0	0	0	0	0	0	0	0	1	0	0	1	0	0	0	0	1	0	0
OG_549	0	0	0	0	0	0	0	0	0	0	0	0	0	0	0	0	0	0	0
OG_5521	0	0	0	0	0	0	1	0	0	0	0	0	0	0	1	0	0	0	0
OG_5566	0	0	0	0	0	0	0	0	0	0	0	0	0	0	0	0	0	0	0
OG_557	0	0	0	0	0	0	0	0	0	0	0	0	0	0	0	0	0	0	0
OG_5617	0	0	0	0	0	0	0	0	0	0	0	0	0	0	0	0	0	0	0
OG_5632	0	0	0	0	0	0	0	0	0	0	0	0	0	0	0	0	0	0	0
OG_5637	0	0	0	0	0	0	0	0	0	0	0	0	0	0	0	0	0	0	0
OG_566	0	0	0	0	0	0	0	0	0	0	0	0	0	0	0	0	0	0	0
OG_5683	0	0	0	0	0	0	0	0	0	0	0	0	0	0	0	0	0	0	0
OG_5737	0	0	0	0	0	0	0	0	0	0	0	0	0	0	0	0	0	0	0
OG_5757	0	0	0	0	0	0	0	0	0	0	0	0	0	0	0	0	0	0	0
OG_5761	0	0	0	0	0	0	0	0	1	1	0	0	0	0	0	0	0	0	0
OG_5766	1	0	0	0	0	0	0	0	0	0	0	0	0	0	0	0	0	0	0
OG_5769	0	0	0	0	0	0	0	0	0	0	0	0	0	0	0	0	0	0	0
OG_577	0	0	0	0	0	0	0	0	0	0	0	0	0	0	0	0	0	0	0
OG_5782	0	0	0	0	0	0	0	0	0	0	0	0	0	0	0	0	0	0	0
OG_5784	0	0	0	0	0	0	0	0	0	0	0	0	0	0	0	0	0	0	0
OG_5785	0	0	0	0	0	0	1	0	0	0	1	0	0	0	0	0	0	0	0
OG_5788	0	0	0	0	0	0	0	0	0	0	1	0	0	0	0	0	0	0	0
OG_5817	0	0	0	0	0	0	0	0	0	0	1	0	0	0	0	0	0	0	0
OG_5832	0	0	0	0	0	0	0	0	1	1	0	0	0	0	0	0	0	0	0
OG_5848	0	0	0	0	0	0	0	0	0	0	0	0	0	0	0	0	0	0	0
OG_5851	0	0	0	0	0	0	0	0	0	0	0	0	0	0	0	0	0	0	0
OG_5852	0	0	0	0	0	0	0	0	0	0	0	0	0	0	0	0	0	0	0
OG_5875	0	0	0	0	0	0	0	0	1	0	0	0	0	0	0	0	0	0	0
OG_589	0	0	0	0	0	0	0	0	0	0	0	0	0	0	0	0	0	0	0
OG_5898	0	0	0	0	0	0	0	0	0	0	0	0	0	0	0	0	0	0	0
OG_5910	0	0	0	0	0	0	0	0	0	0	0	0	0	0	0	0	1	0	0
OG_5940	0	0	0	0	0	0	1	0	0	0	1	0	0	0	0	0	0	0	0
OG_5956	0	0	0	0	0	0	1	0	0	0	0	0	0	0	0	0	0	0	0
OG_5960	0	0	0	0	0	0	0	0	0	0	0	0	0	0	0	0	0	0	0
OG_5990	0	0	0	0	0	0	1	0	0	0	0	0	0	0	0	0	0	0	0
OG_5992	0	0	0	0	0	0	1	0	0	0	0	0	0	0	0	0	0	0	0
OG_6038	0	0	0	0	0	0	0	0	0	0	0	0	0	0	0	0	0	0	0
OG_6047	0	0	0	0	0	0	1	0	1	0	0	0	0	0	0	0	0	0	0
OG_6064	0	0	0	0	0	0	0	0	0	0	0	0	0	0	0	0	0	0	0
OG_607	0	0	0	0	0	0	0	0	1	0	1	0	0	0	0	0	0	0	0
OG_6073	0	0	0	0	0	0	0	0	1	0	1	0	0	0	0	0	0	0	0
OG_6075	0	0	0	0	0	0	0	0	0	0	1	0	0	0	0	0	0	0	0
OG_610	0	0	0	0	0	0	0	0	0	0	0	0	0	0	0	0	0	0	0
OG_612	0	0	1	0	0	0	0	0	0	0	0	0	0	0	0	0	0	0	0
OG_6131	0	0	0	1	0	0	0	0	0	0	0	0	0	0	0	0	0	0	0
OG_6137	0	0	0	0	0	0	0	0	0	0	0	0	0	0	0	0	0	0	0
OG_6146	0	0	0	0	0	0	1	0	1	0	0	0	0	0	0	0	1	0	0
OG_6148	0	0	0	0	0	0	0	0	0	0	1	0	0	0	0	0	0	0	0
OG_6152	0	0	0	0	0	0	0	0	0	0	0	0	0	0	0	0	0	0	0
OG_6156	0	0	0	0	0	0	0	0	1	1	0	0	0	0	0	0	1	0	0
OG_6162	0	0	0	0	0	0	0	0	0	0	0	0	0	0	0	0	0	0	0
OG_6164	0	0	0	0	0	0	1	0	0	0	1	0	0	0	0	0	0	0	0
OG_6172	0	0	1	0	0	0	0	0	1	0	0	0	0	0	0	0	0	0	0
OG_6173	0	0	0	0	0	0	0	0	1	0	0	0	0	0	0	0	0	0	0
OG_6191	0	0	0	0	0	0	0	0	1	0	0	0	0	0	0	0	0	0	0
OG_6197	0	0	0	0	0	0	0	0	0	0	0	0	0	0	0	0	0	0	0
OG_62	0	0	0	0	0	0	0	0	0	0	0	0	0	0	0	0	0	0	0
OG_6203	0	0	0	0	0	0	0	0	0	0	1	0	0	0	0	0	0	0	0
OG_623	0	0	0	0	0	0	0	0	0	0	0	0	0	0	0	0	0	0	0
OG_6286	0	0	0	0	0	0	0	0	1	0	0	0	0	0	0	0	0	0	0
OG_6287	0	0	0	0	1	0	1	0	1	0	0	0	0	0	0	0	1	0	0
OG_6290	0	0	0	0	1	0	0	0	0	0	0	0	0	0	0	0	0	0	0
OG_6291	0	0	0	0	0	0	0	0	0	0	0	0	0	0	0	0	0	0	0
OG_63	0	0	0	0	0	0	0	0	0	0	0	0	0	0	1	0	0	0	0
OG_6309	0	0	0	0	0	0	0	0	0	0	0	0	0	0	0	0	0	0	0
OG_6315	0	0	0	0	0	0	0	0	1	1	0	0	0	0	0	0	0	0	0
OG_6322	1	0	0	1	0	0	1	0	1	0	0	0	0	0	0	0	0	0	0
OG_6324	0	0	0	0	0	0	0	0	1	0	0	0	0	0	0	0	0	0	0
OG_6334	0	0	0	0	1	0	0	0	0	0	0	0	0	0	0	0	0	0	0
OG_6339	0	0	0	0	0	0	1	0	0	0	0	0	0	0	0	0	0	0	0
OG_6341	0	0	0	1	0	0	0	0	1	1	0	0	0	0	0	0	0	0	0
OG_6371	0	0	0	0	0	0	0	0	1	0	0	0	0	0	0	0	1	0	0
OG_6380	0	0	0	0	0	0	1	0	1	1	0	0	0	0	0	0	0	0	0
OG_6404	0	0	0	0	0	0	0	0	0	1	0	0	0	0	0	0	0	0	0
OG_641	0	0	1	0	0	0	0	0	0	0	0	0	0	0	0	0	0	0	0
OG_6414	0	0	1	0	0	1	0	0	0	0	0	0	0	0	0	0	0	0	0
OG_6422	0	0	0	0	1	0	0	0	0	1	0	0	0	0	1	0	0	0	0
OG_6431	0	0	0	0	0	0	1	0	0	0	0	0	0	0	0	0	0	0	0
OG_6439	0	0	0	0	0	0	0	0	1	1	0	1	0	0	0	0	0	0	0
OG_6454	1	0	1	0	0	1	0	0	0	0	0	0	0	0	0	0	0	0	0
OG_6455	0	0	1	0	0	1	0	0	0	0	0	0	0	0	0	0	0	0	0
OG_6461	0	0	0	0	0	1	0	0	0	0	0	0	0	0	0	0	0	0	0
OG_648	0	0	0	0	0	0	0	0	0	0	0	0	0	0	0	0	0	0	0
OG_6486	0	1	0	0	0	1	0	0	0	0	0	0	0	0	0	0	0	0	0
OG_6489	0	0	0	0	0	0	0	0	0	0	0	0	0	0	0	0	0	0	0
OG_649	0	0	0	0	0	0	0	0	0	1	0	0	0	0	0	0	0	0	0
OG_6491	0	0	1	0	0	1	0	0	0	0	0	0	0	1	0	0	0	0	0
OG_6506	0	0	0	1	0	1	1	0	1	0	0	0	0	1	0	0	0	0	0
OG_6522	0	0	0	0	0	1	0	0	0	0	0	0	0	0	0	0	1	0	0
OG_6530	0	0	0	0	0	1	1	0	0	0	0	0	0	0	0	0	1	0	0
OG_6531	0	0	0	0	0	0	0	0	0	0	0	0	0	0	0	0	0	0	0
OG_6536	0	0	0	0	0	0	0	0	0	0	0	0	0	0	0	0	0	0	0
OG_6538	0	0	0	0	0	0	0	0	0	0	0	0	0	0	0	0	0	0	0
OG_6542	0	0	0	0	0	0	0	0	0	0	0	0	0	0	0	0	0	0	0
OG_6545	0	0	0	0	0	1	1	0	0	0	0	0	0	0	0	0	1	0	0
OG_6558	0	0	0	0	0	0	0	0	0	1	0	0	0	0	0	0	0	0	0
OG_6561	0	0	0	0	0	0	1	0	0	0	0	0	0	0	0	0	1	0	0
OG_657	0	0	0	0	0	0	0	0	0	0	1	0	0	0	0	0	0	0	0
OG_6575	0	0	0	0	0	0	0	0	0	0	1	0	0	0	0	0	0	0	0
OG_6576	0	0	0	0	0	0	0	0	0	0	1	0	0	0	1	0	0	0	0
OG_6577	0	0	0	0	1	0	0	0	1	0	0	0	0	0	0	0	1	0	0
OG_6588	1	0	0	0	0	0	0	0	0	0	0	0	0	0	0	0	0	0	0
OG_660	0	0	0	0	0	0	0	0	0	1	0	0	0	0	0	0	0	0	0
OG_6604	0	0	0	0	0	0	1	0	0	0	0	0	0	0	1	0	0	0	0
OG_6611	0	0	0	1	0	0	0	0	1	1	0	0	0	1	0	0	0	0	0
OG_6612	0	0	1	0	0	0	0	0	0	0	0	0	0	0	0	0	0	0	0
OG_662	0	0	0	0	0	0	0	0	0	1	0	0	0	0	0	0	0	0	0
OG_6635	0	0	0	0	0	0	0	0	0	0	0	0	0	0	0	0	0	0	0
OG_6637	0	0	0	0	0	0	0	0	0	0	0	0	0	0	0	0	0	0	0
OG_6639	0	0	0	0	0	0	0	0	0	0	0	0	0	0	0	0	0	0	0
OG_6641	0	0	0	0	0	0	0	0	0	0	0	0	0	0	0	0	0	0	0
OG_6655	0	0	0	0	0	0	0	0	0	0	0	0	0	0	0	0	0	0	0
OG_6664	0	0	0	0	0	0	1	0	0	0	0	0	0	0	0	0	1	0	0
OG_6666	0	0	0	0	0	0	0	0	1	0	0	0	0	0	0	0	0	0	0
OG_6676	0	0	0	0	0	0	1	0	0	0	0	0	0	0	1	0	0	0	0
OG_6678	0	0	0	0	0	0	0	0	0	1	0	0	0	0	0	0	0	0	0
OG_672	0	0	0	0	0	0	0	0	0	0	0	0	0	0	0	0	0	0	0
OG_6724	0	0	0	0	1	0	1	1	0	0	0	0	0	0	0	0	0	0	0
OG_6734	0	1	0	0	0	0	1	0	0	1	0	0	0	0	0	0	0	0	0
OG_6739	0	0	0	0	0	0	0	0	0	0	0	0	0	0	0	0	0	0	0
OG_674	0	0	0	0	0	0	0	0	0	1	0	0	0	0	0	0	0	0	0
OG_6740	0	0	0	0	0	0	0	0	0	0	1	0	0	0	0	0	0	0	0
OG_6750	0	0	0	0	0	0	0	0	0	0	1	0	0	0	0	0	0	0	0
OG_6775	0	0	0	0	0	0	0	1	0	1	0	0	0	0	0	0	0	0	0
OG_6787	0	0	0	0	0	0	0	0	0	0	0	0	0	0	0	0	0	0	0
OG_6789	0	0	0	0	0	0	0	0	0	0	0	0	0	0	0	0	1	0	0
OG_6791	0	0	0	0	0	0	0	0	0	1	0	0	0	0	0	0	0	0	0
OG_6800	0	0	0	0	0	0	0	0	1	0	0	0	0	0	0	0	1	0	0
OG_6804	0	0	0	0	0	0	1	0	0	0	0	0	0	0	0	0	1	0	0
OG_6823	0	0	0	0	0	0	0	1	0	0	0	0	0	0	0	0	1	0	0
OG_6837	0	0	0	0	0	0	0	0	0	1	0	0	0	0	0	0	0	0	0
OG_684	0	0	0	0	0	0	0	0	0	0	0	0	0	0	0	0	0	0	0
OG_6850	0	0	0	0	1	0	1	1	0	1	0	0	0	0	0	0	0	0	0
OG_6852	0	0	0	0	0	0	0	0	0	0	0	0	0	0	0	0	0	0	0
OG_6857	0	0	0	0	0	0	0	0	0	0	0	0	0	0	0	0	0	0	0
OG_6864	0	0	0	0	0	0	0	0	0	1	0	0	0	0	0	0	0	0	0
OG_6889	0	0	0	0	0	0	0	0	0	1	0	0	0	0	0	0	0	0	0
OG_6899	0	0	0	0	0	0	1	0	0	0	0	0	0	0	0	0	0	0	0
OG_6901	1	0	0	0	0	0	1	0	0	0	0	0	1	0	0	0	0	0	0
OG_6922	0	0	0	0	0	0	0	0	0	1	0	0	0	0	0	0	0	0	0
OG_693	0	0	0	0	0	0	0	0	0	0	0	0	0	0	0	0	0	0	0
OG_6937	0	0	0	0	0	1	0	0	0	0	0	0	0	0	0	0	0	0	0
OG_6952	0	0	0	0	0	0	0	0	0	0	0	0	0	0	0	0	0	0	0
OG_6953	0	0	0	0	0	0	0	0	0	1	0	0	0	0	0	0	0	0	0
OG_6956	0	0	0	1	0	0	0	0	1	0	0	0	0	1	0	0	0	0	0
OG_6961	0	0	0	0	0	0	1	0	1	0	1	0	0	0	0	0	0	0	0
OG_6973	0	0	0	0	0	0	0	0	1	0	0	0	0	0	0	0	0	0	0
OG_6978	0	0	0	0	0	0	0	0	0	0	0	0	0	0	0	0	0	0	0
OG_6997	0	0	0	0	0	0	1	0	0	1	0	0	0	0	1	0	0	0	0
OG_700	0	0	0	0	0	0	0	0	0	0	0	0	0	0	0	0	0	0	0
OG_7003	0	0	0	0	0	0	0	0	0	1	0	0	0	0	0	0	1	0	0
OG_7036	0	0	0	0	0	0	0	0	0	0	0	0	0	0	0	0	0	0	0
OG_7068	0	0	0	0	0	0	0	0	0	0	0	0	0	0	0	0	0	0	0
OG_707	0	0	0	0	0	0	0	0	0	0	0	0	0	0	0	0	1	0	0
OG_7070	0	0	0	0	0	0	0	0	0	0	0	0	0	0	0	0	0	0	0
OG_7081	0	0	0	0	0	0	0	0	0	0	0	0	0	0	0	0	0	0	0
OG_710	0	0	0	0	0	0	0	0	0	0	0	0	0	0	0	0	0	0	0
OG_7105	1	0	0	0	0	0	1	0	0	1	0	0	0	0	0	0	0	0	0
OG_7133	0	0	0	0	0	0	0	0	0	0	0	0	0	0	0	0	0	0	0
OG_7147	0	0	0	0	0	0	0	0	0	0	0	0	0	0	0	0	0	0	0
OG_715	0	1	0	0	0	0	0	0	0	1	0	0	0	0	0	0	0	0	0
OG_7164	0	0	0	0	0	0	0	0	0	1	0	0	0	0	0	0	0	0	0
OG_717	0	0	0	0	0	0	0	0	0	0	0	0	0	0	0	0	0	0	0
OG_7177	0	0	0	0	0	0	0	0	0	0	0	0	0	0	0	0	0	0	0
OG_7196	0	0	0	0	1	0	1	0	0	0	0	0	0	0	1	0	1	0	0
OG_7211	0	0	0	0	0	0	1	0	0	1	0	0	0	0	0	0	0	0	0
OG_7232	0	0	0	0	0	0	0	0	0	0	0	0	0	0	0	0	0	0	0
OG_7241	0	0	0	0	0	0	0	0	0	0	1	0	0	0	0	0	0	0	0
OG_7247	0	0	0	0	0	0	0	1	0	0	1	0	0	0	0	0	0	0	0
OG_7251	0	0	1	0	0	0	0	0	0	0	0	0	0	0	0	0	0	0	0
OG_7255	0	0	0	0	0	0	0	0	0	1	0	0	0	0	0	0	0	0	0
OG_7259	0	0	0	0	0	0	0	0	0	0	0	0	0	0	0	0	0	0	0
OG_726	0	0	0	0	0	0	0	0	0	0	1	0	0	0	0	0	0	0	0
OG_7266	0	0	0	0	0	0	1	0	0	0	0	0	0	0	0	0	1	0	0
OG_7283	0	0	0	0	0	0	0	0	0	0	0	0	0	0	0	0	0	0	0
OG_7306	1	0	0	0	0	0	0	0	0	0	0	0	0	0	0	0	0	0	0
OG_7308	0	0	0	0	0	0	1	0	1	1	0	0	0	0	0	0	0	0	0
OG_7341	0	0	0	0	0	0	0	0	0	0	0	0	0	0	0	0	0	0	0
OG_7362	0	0	1	0	0	0	0	0	0	0	0	0	0	0	0	0	0	0	0
OG_7367	0	0	0	0	0	0	0	0	0	0	0	0	0	0	0	0	0	0	0
OG_738	0	0	0	0	0	0	1	0	0	0	1	0	0	0	0	0	0	0	0
OG_7385	0	0	0	0	0	0	1	0	1	0	0	0	0	0	0	0	0	0	0
OG_7392	0	0	0	0	0	0	0	0	0	0	0	0	0	0	0	0	0	0	0
OG_741	0	0	0	0	0	0	1	0	0	0	0	0	0	0	0	0	0	0	0
OG_7412	0	0	0	0	0	0	0	0	0	0	0	0	0	0	0	0	0	0	0
OG_7477	0	0	0	0	0	0	0	0	0	0	0	0	0	0	0	0	0	0	0
OG_749	0	0	0	0	0	0	0	0	0	1	0	0	0	0	0	0	0	0	0
OG_7513	0	0	0	0	0	0	0	0	0	0	0	0	0	0	0	0	0	0	0
OG_7521	0	0	0	0	0	0	1	0	1	0	0	0	0	0	0	0	0	0	0
OG_7531	0	0	0	0	0	0	0	0	0	0	0	0	0	0	0	0	0	0	0
OG_7533	0	0	0	0	0	0	0	0	0	0	0	0	0	0	0	0	0	0	0
OG_7538	0	0	0	0	0	0	1	0	0	0	0	0	0	0	1	0	0	0	0
OG_7548	0	0	0	0	0	0	0	0	1	1	0	0	0	0	0	0	0	0	0
OG_7569	0	0	0	0	0	0	0	0	0	1	0	0	0	0	0	0	0	0	0
OG_7571	0	0	0	0	0	0	0	0	0	0	0	0	0	0	0	0	1	0	0
OG_7576	0	0	0	0	0	0	0	0	0	0	0	0	0	0	0	0	0	0	0
OG_7597	0	0	0	0	0	0	0	0	0	1	0	0	0	0	0	0	0	0	0
OG_7602	0	0	0	0	0	0	0	0	0	0	0	0	0	0	0	0	0	0	0
OG_7617	0	0	0	0	0	0	0	0	0	0	0	0	0	0	0	0	0	0	0
OG_7622	0	0	0	0	0	0	0	0	0	0	0	0	0	0	0	0	0	0	0
OG_7631	0	0	0	0	0	0	0	0	1	0	0	0	0	0	0	0	0	0	0
OG_7636	0	0	0	0	0	0	0	0	0	0	0	0	0	0	0	0	0	0	0
OG_7650	0	0	0	0	0	0	0	0	0	0	0	0	0	0	0	0	0	0	0
OG_7689	0	0	0	0	0	0	0	0	0	0	0	0	0	0	0	0	0	0	0
OG_7692	0	0	0	0	0	0	0	0	1	0	1	0	0	0	0	0	0	0	0
OG_7706	0	0	0	0	0	0	0	0	0	0	0	0	0	0	0	0	0	0	0
OG_7708	0	0	0	0	0	0	0	0	0	0	0	0	0	0	1	0	0	0	0
OG_7709	0	0	1	0	0	0	0	0	0	0	0	0	0	0	0	0	0	0	0
OG_7745	0	0	0	0	0	0	0	0	1	0	1	0	0	0	0	0	0	0	0
OG_7777	0	0	0	0	0	0	0	0	0	0	0	0	0	0	0	0	0	0	0
OG_7809	0	0	0	0	0	0	0	0	0	0	0	0	0	0	0	0	0	0	0
OG_781	0	0	0	0	0	0	0	0	1	0	0	0	0	0	0	0	1	0	0
OG_7837	0	0	0	0	0	0	1	0	0	0	0	0	0	0	0	0	1	0	0
OG_7846	0	0	0	0	0	0	0	0	0	1	0	0	0	0	1	0	0	0	0
OG_785	0	0	0	0	0	0	0	0	0	0	0	0	0	0	0	0	0	0	0
OG_7878	0	0	0	0	0	0	0	0	0	0	0	0	0	0	0	0	0	0	0
OG_7896	0	0	0	0	0	0	0	0	0	0	0	0	0	0	0	0	0	0	0
OG_7902	0	0	0	1	0	0	0	0	0	0	0	0	0	0	0	0	0	0	0
OG_791	0	0	0	0	0	0	0	0	0	0	0	0	0	0	0	0	0	0	0
OG_7920	0	0	0	1	0	0	0	0	0	0	0	0	0	0	0	0	0	0	0
OG_793	0	0	0	1	1	0	1	0	0	0	1	0	0	0	0	0	0	0	0
OG_7932	1	0	0	1	0	0	0	0	0	0	0	0	0	0	0	0	0	0	0
OG_7937	0	0	0	0	0	0	0	0	0	0	0	0	0	0	1	0	0	0	0
OG_7938	0	0	0	0	0	0	0	0	0	0	1	0	0	0	0	0	0	0	0
OG_7962	0	0	0	0	0	0	0	0	0	0	0	0	0	0	0	0	0	0	0
OG_7972	0	0	0	0	0	0	0	0	0	0	0	0	0	0	0	0	0	0	0
OG_7978	0	0	0	1	0	0	0	0	0	0	0	0	0	0	0	0	0	0	0
OG_7994	0	0	0	0	0	0	0	0	1	0	0	0	0	0	0	0	0	0	0
OG_8007	0	0	0	0	1	0	1	0	0	0	0	0	0	0	1	0	0	0	0
OG_804	0	0	0	0	0	0	1	0	0	0	1	0	0	0	0	0	0	0	0
OG_8069	0	0	0	0	0	0	0	0	0	0	0	0	0	0	0	0	0	0	0
OG_808	0	0	0	0	0	0	0	0	0	0	0	0	0	0	0	0	0	0	0
OG_8098	0	0	0	0	0	0	0	0	0	1	0	0	0	0	0	0	0	0	0
OG_8099	0	0	0	0	0	0	0	0	0	1	0	0	0	0	0	0	0	0	0
OG_8145	0	0	0	0	0	0	0	0	0	0	0	0	0	0	0	0	0	0	0
OG_8149	0	0	0	0	0	0	0	0	1	0	0	0	0	0	0	0	0	0	0
OG_8155	0	0	0	0	0	0	0	0	0	0	0	0	0	0	0	0	0	0	0
OG_8157	0	0	0	0	0	0	0	0	0	0	0	0	0	0	0	0	0	0	0
OG_8192	0	0	0	0	0	0	0	0	0	1	0	0	0	0	0	0	1	0	0
OG_82	0	0	0	0	0	0	0	0	0	0	0	0	0	0	0	0	0	0	0
OG_8243	0	0	0	0	0	0	0	0	1	0	0	0	0	0	0	0	0	0	0
OG_8262	0	0	0	0	0	0	0	0	0	0	0	0	0	0	0	0	0	0	0
OG_8275	0	0	0	0	0	0	0	0	0	0	0	0	0	0	0	0	0	0	0
OG_8314	0	0	0	0	1	0	0	0	0	0	0	0	0	0	0	0	0	0	0
OG_8319	0	0	0	0	0	0	1	0	0	0	0	0	0	0	0	0	0	0	0
OG_8347	0	0	0	0	0	0	0	0	0	0	0	0	0	0	0	0	0	0	0
OG_8357	0	0	0	0	0	0	0	0	0	0	0	0	0	0	0	0	0	0	0
OG_8361	0	0	0	0	0	0	0	0	1	0	0	0	0	0	0	0	0	0	0
OG_8368	0	0	1	0	0	0	1	0	0	1	0	0	0	0	0	0	0	0	0
OG_8370	0	0	0	0	0	0	0	0	0	1	0	0	0	0	0	0	0	0	0
OG_8372	0	0	0	0	0	0	0	1	0	1	0	0	0	0	0	0	1	0	0
OG_8373	0	0	0	0	0	0	0	0	0	0	0	0	0	0	0	0	0	0	0
OG_8387	0	0	0	0	0	0	0	0	0	0	0	0	0	0	0	0	0	0	0
OG_8389	0	1	0	1	0	0	0	0	0	0	0	0	0	0	0	0	0	0	0
OG_8395	0	1	0	1	0	0	0	0	0	0	0	0	0	0	0	0	0	0	0
OG_84	0	0	0	0	0	0	0	0	0	0	0	0	0	0	0	0	0	0	0
OG_8414	0	0	0	0	0	0	0	0	0	0	0	0	0	0	0	0	0	0	0
OG_8423	0	0	0	0	0	0	0	0	0	0	1	0	0	0	0	0	0	0	0
OG_8439	0	0	0	0	0	0	0	0	0	0	0	0	0	0	0	0	0	0	0
OG_8448	0	0	0	0	0	0	0	0	0	0	0	0	0	0	0	0	0	0	0
OG_8455	1	0	0	0	0	0	0	0	0	0	0	0	0	0	0	0	0	0	0
OG_8456	0	0	0	0	0	0	0	0	0	0	0	0	0	0	0	0	0	0	0
OG_8458	0	0	0	0	0	0	0	0	0	0	0	0	0	0	0	0	0	0	0
OG_8464	0	0	0	0	1	0	1	0	0	0	0	0	0	0	0	0	1	0	0
OG_8465	0	0	0	0	0	0	0	0	0	0	0	0	0	0	0	0	0	0	0
OG_8475	0	0	0	0	0	0	0	0	0	0	0	0	0	0	0	0	0	0	0
OG_8484	0	0	0	0	0	0	0	0	0	0	0	0	0	0	0	0	0	0	0
OG_849	0	0	0	0	0	0	1	0	0	1	0	0	0	0	0	0	0	0	0
OG_850	0	0	0	0	0	0	0	0	0	0	0	0	0	0	0	0	0	0	0
OG_8509	0	0	0	0	0	0	0	0	0	0	0	0	0	0	0	1	0	0	0
OG_8516	0	0	0	0	0	0	1	0	0	0	0	0	0	0	0	0	0	0	0
OG_8521	0	0	0	0	0	0	0	0	0	0	1	0	0	0	0	0	1	0	0
OG_8522	0	0	0	0	0	0	1	0	0	0	0	0	0	0	1	0	0	0	0
OG_8530	0	0	0	0	0	0	1	0	0	0	1	0	0	0	0	0	0	0	0
OG_8535	0	0	0	0	0	0	0	0	0	0	0	0	0	0	0	0	0	0	0
OG_8538	0	0	0	0	0	0	0	0	0	0	1	0	0	0	0	1	0	0	0
OG_854	0	0	0	0	0	0	0	0	0	0	0	0	0	0	0	0	0	0	0
OG_8554	0	1	1	0	0	0	0	0	0	0	0	0	0	0	0	1	0	0	0
OG_8576	0	0	0	0	0	0	0	0	1	0	0	0	0	0	0	0	0	0	0
OG_8578	0	0	0	0	0	1	0	0	0	0	0	0	0	0	1	0	0	0	0
OG_8588	0	0	0	0	0	0	0	0	0	0	0	0	0	0	0	0	0	0	0
OG_8590	0	0	0	0	0	0	0	0	0	0	0	0	0	0	0	0	0	0	0
OG_8612	0	0	0	0	0	0	0	0	0	0	0	0	0	0	0	0	0	0	0
OG_8613	0	0	0	0	0	0	0	0	0	0	1	0	0	0	0	0	0	0	0
OG_8618	0	0	0	0	0	0	0	0	0	0	0	0	0	0	0	0	0	0	0
OG_8625	0	0	0	0	0	0	0	0	0	1	0	0	0	0	1	0	0	0	0
OG_8629	0	0	0	0	0	0	0	0	0	0	0	0	0	0	0	0	0	0	0
OG_863	0	0	0	0	0	0	0	0	0	0	0	0	0	0	0	0	0	0	0
OG_8643	0	0	0	0	0	0	0	0	0	0	0	0	0	0	0	0	0	0	0
OG_8649	0	0	0	0	0	0	0	0	0	0	0	0	0	0	0	0	0	0	0
OG_867	0	0	0	0	0	0	0	0	0	0	0	0	0	0	0	0	0	0	0
OG_8671	0	0	0	0	0	0	0	0	0	1	0	0	0	0	0	0	0	0	0
OG_868	0	0	0	0	0	0	0	0	0	0	0	0	0	0	0	0	0	0	0
OG_8694	0	0	0	0	0	0	0	0	0	0	0	0	0	0	0	0	0	0	0
OG_8696	0	0	0	0	1	0	0	0	0	0	1	0	0	0	0	0	0	0	0
OG_870	0	0	0	0	0	0	0	0	0	0	0	0	0	0	0	0	0	0	0
OG_8721	0	0	0	0	0	0	0	0	0	0	0	0	0	0	0	0	0	0	0
OG_8736	0	0	0	0	0	0	1	0	1	0	1	0	0	0	0	0	0	0	0
OG_8744	0	0	0	0	0	0	1	0	1	0	0	0	0	0	0	0	1	0	0
OG_879	0	0	0	0	0	0	0	0	0	0	0	0	0	0	0	0	0	0	0
OG_8795	0	0	0	0	1	0	1	0	0	0	0	0	0	0	0	0	1	0	0
OG_882	0	0	0	0	0	0	0	0	0	1	0	0	0	0	0	0	0	0	0
OG_8877	0	0	0	0	0	0	0	0	0	0	0	0	0	0	0	0	0	0	0
OG_8912	0	0	0	0	0	0	0	0	0	0	0	0	0	0	0	0	1	0	0
OG_8948	0	0	0	0	0	0	0	0	0	0	0	0	0	0	0	0	0	0	0
OG_897	0	0	0	0	0	0	0	0	0	0	0	0	0	0	0	0	0	0	0
OG_898	0	0	0	0	0	0	0	0	0	0	0	0	0	0	0	0	0	0	0
OG_902	0	0	0	0	0	0	0	0	1	1	0	0	0	0	0	0	0	0	0
OG_9025	0	0	0	0	1	0	1	0	0	0	0	0	0	0	0	0	1	0	0
OG_9138	0	0	0	0	1	0	0	0	0	0	0	0	0	0	0	0	0	0	0
OG_916	0	0	0	0	0	0	0	0	0	0	0	0	0	0	0	0	0	0	0
OG_9160	0	0	0	0	0	0	0	0	0	0	0	0	0	0	0	0	0	0	0
OG_9177	0	0	0	0	0	0	0	0	1	0	1	0	0	0	0	0	0	0	0
OG_921	0	0	0	0	0	0	0	0	0	0	0	0	0	0	0	0	0	0	0
OG_9219	0	0	0	0	0	0	1	0	0	1	0	0	0	0	0	0	0	0	0
OG_922	0	0	0	0	0	0	0	0	0	0	0	0	0	0	0	0	0	0	0
OG_923	0	0	0	0	0	0	0	0	0	0	0	0	0	0	0	0	0	0	0
OG_9244	0	0	0	0	0	0	0	0	0	0	0	0	0	0	0	0	0	0	0
OG_926	0	0	0	0	0	0	0	0	0	0	0	0	0	0	0	0	0	0	0
OG_9260	0	0	0	0	0	0	0	0	0	0	0	0	0	0	0	0	0	0	0
OG_9263	0	0	0	0	0	0	1	0	0	1	0	0	0	0	1	0	1	0	0
OG_9267	0	0	0	0	0	0	1	0	0	1	0	0	0	0	1	0	1	0	0
OG_9280	0	0	0	0	0	0	0	0	0	1	0	0	0	0	0	1	1	0	0
OG_9283	0	0	0	0	0	0	0	1	0	1	0	0	0	0	0	0	1	0	0
OG_9287	0	0	0	0	0	0	0	0	0	0	0	0	0	0	0	0	0	0	0
OG_9311	0	0	0	0	0	0	0	0	0	0	0	0	0	0	0	0	0	0	0
OG_9313	0	0	0	0	0	0	0	0	0	0	0	0	0	0	0	0	0	0	0
OG_9345	0	0	0	0	0	0	0	0	0	1	0	0	0	0	0	0	0	0	0
OG_936	0	0	0	0	0	1	0	0	0	1	0	0	0	0	0	0	0	0	0
OG_9436	0	0	0	0	0	0	0	0	0	1	0	0	0	0	0	0	0	0	0
OG_9445	0	0	0	0	0	0	0	0	0	0	0	0	0	0	0	0	0	0	0
OG_9455	0	0	0	0	0	0	0	0	0	0	0	0	0	0	0	0	0	0	0
OG_9478	0	0	0	0	0	0	1	0	0	0	0	0	0	0	0	0	0	0	0
OG_9487	0	0	0	0	0	0	0	0	0	1	0	0	0	0	0	0	0	0	0
OG_9488	0	0	0	0	0	0	0	0	0	0	0	0	0	0	0	0	0	0	0
OG_950	0	0	0	0	0	0	0	0	0	0	0	0	0	0	0	0	0	0	0
OG_9501	0	0	0	0	0	0	0	0	0	0	0	0	0	0	0	0	0	0	0
OG_9528	0	0	0	0	0	0	0	0	0	0	0	0	0	0	0	0	0	0	0
OG_9570	0	0	0	0	0	0	0	0	0	0	0	0	0	0	0	0	0	0	0
OG_9573	0	0	0	0	0	0	0	0	0	0	0	0	0	0	0	0	0	0	0
OG_9583	0	0	0	0	0	0	1	0	0	1	0	0	0	0	0	0	0	0	0
OG_9602	0	0	1	0	0	0	1	0	0	0	0	0	0	0	0	0	0	0	0
OG_9604	0	0	0	0	0	0	0	0	1	0	0	0	0	0	0	0	0	0	0
OG_962	0	0	0	1	0	0	0	0	0	0	0	0	0	0	0	0	0	0	0
OG_9622	0	0	0	0	0	0	0	0	0	0	0	0	0	0	0	0	0	0	0
OG_9624	0	0	0	0	0	0	1	0	0	1	0	0	0	0	0	0	0	0	0
OG_9628	0	0	0	0	0	0	0	0	0	0	0	0	0	0	0	0	0	0	0
OG_9632	0	0	0	0	0	0	0	0	0	0	0	0	0	0	0	0	0	0	0
OG_9633	0	0	0	0	0	0	1	0	0	0	0	0	0	0	0	0	0	0	0
OG_9642	0	0	0	0	0	0	0	0	0	0	0	0	0	0	0	0	0	0	0
OG_9654	0	0	0	0	0	0	0	0	0	1	0	0	0	0	0	0	0	0	0
OG_9655	0	0	0	0	0	0	0	0	0	0	0	0	0	0	0	0	0	0	0
OG_9669	0	0	0	0	0	0	0	0	0	0	0	0	0	0	0	0	0	0	0
OG_967	0	0	0	0	0	0	1	0	0	0	0	0	0	0	0	0	0	0	0
OG_9685	0	0	0	0	0	0	0	0	0	0	0	0	0	0	0	0	0	0	0
OG_9714	0	0	0	0	0	0	0	0	0	0	0	0	0	0	0	0	0	0	0
OG_9728	0	0	0	0	0	0	1	0	0	0	0	0	0	0	0	0	1	0	0
OG_9739	0	0	1	0	0	0	0	0	0	0	1	0	0	0	0	0	0	0	0
OG_9742	0	0	0	0	0	0	0	0	0	0	0	0	0	0	0	0	0	0	0
OG_9743	0	0	0	0	0	0	0	0	0	0	0	0	0	0	0	0	0	0	0
OG_9750	0	0	0	0	0	0	0	0	0	0	0	0	0	0	0	0	0	0	0
OG_9761	0	0	0	0	0	0	0	0	0	0	0	0	0	0	0	0	0	0	0
OG_9767	0	0	0	0	0	0	0	0	0	0	0	0	0	0	0	0	0	0	0
OG_9776	0	0	0	0	1	0	0	0	0	1	0	0	0	0	0	0	0	0	0
OG_9784	0	0	0	0	0	0	0	0	0	0	0	0	0	0	0	0	0	0	0
OG_9806	0	0	1	0	0	1	1	0	0	1	0	0	0	0	0	0	0	0	0
OG_9815	0	0	0	0	0	0	0	0	0	0	0	0	0	0	0	0	0	0	0
OG_9820	0	0	0	0	0	0	0	0	0	0	0	0	0	0	1	0	0	0	0
OG_9833	0	0	0	0	0	0	0	0	0	1	0	0	0	0	0	0	0	0	0
OG_9835	0	0	0	0	0	0	0	0	0	0	0	0	0	0	0	0	0	0	0
OG_9837	0	0	0	0	0	0	0	0	0	1	0	0	0	0	0	0	0	0	0
OG_9850	0	0	0	0	0	0	0	0	0	1	0	0	0	0	1	0	0	0	0
OG_9852	0	0	0	0	0	0	0	0	0	1	0	0	0	0	0	0	0	0	0
OG_987	0	0	0	0	0	0	0	0	0	0	0	0	0	0	0	0	0	0	0
OG_9893	0	1	0	0	0	0	0	0	0	0	0	0	0	0	0	0	0	0	0
OG_9899	0	0	0	0	0	0	0	0	0	1	0	0	0	0	1	0	0	0	0
OG_9920	0	0	0	0	0	0	0	0	0	1	0	0	0	0	0	0	0	0	0
OG_9924	0	0	0	0	0	0	0	0	0	0	0	0	0	0	0	0	0	0	0
OG_9929	0	0	0	0	0	0	0	0	0	0	0	0	0	0	0	0	0	0	0
OG_9931	0	0	0	0	0	0	0	0	0	1	0	0	0	0	0	0	0	0	0
OG_9936	0	0	1	0	0	0	0	0	0	0	0	0	0	0	0	0	0	0	0
OG_9938	0	0	0	0	0	0	0	0	0	0	0	0	0	0	0	0	0	0	0
OG_9945	0	0	0	0	1	0	0	0	0	1	0	0	0	0	0	0	0	0	0
OG_9950	0	0	0	0	0	0	0	0	0	0	0	0	0	0	0	0	0	0	0
OG_9958	0	0	0	0	0	0	0	0	0	1	0	0	0	0	0	0	0	0	0
OG_9962	0	0	0	0	0	0	0	0	0	0	0	0	0	0	0	0	0	0	0
OG_9965	0	0	0	0	0	0	0	0	0	0	0	0	0	0	0	0	0	0	0
OG_9975	0	0	0	0	0	0	0	0	0	0	1	0	0	0	0	0	0	0	0
OG_998	0	0	0	0	0	0	0	0	0	0	0	0	0	0	0	0	0	0	0
